{
  "paragraphs": [
    {
      "text": "%pyspark\na\u003d(1,2,3,4,5,10)\nprint a",
      "dateUpdated": "Nov 11, 2015 9:33:30 PM",
      "config": {
        "graph": {
          "mode": "table",
          "height": 300.0,
          "optionOpen": false,
          "keys": [],
          "values": [],
          "groups": [],
          "scatter": {}
        },
        "editorMode": "ace/mode/scala",
        "colWidth": 12.0
      },
      "settings": {
        "params": {},
        "forms": {}
      },
      "jobName": "paragraph_1440904116213_-249339383",
      "id": "20150829-230836_682155969",
      "result": {
        "code": "SUCCESS",
        "type": "TEXT",
        "msg": "(1, 2, 3, 4, 5, 10)\n"
      },
      "dateCreated": "Aug 29, 2015 11:08:36 PM",
      "dateStarted": "Nov 11, 2015 3:24:49 AM",
      "dateFinished": "Nov 11, 2015 3:25:15 AM",
      "status": "FINISHED",
      "progressUpdateIntervalMs": 500
    },
    {
      "dateUpdated": "Nov 11, 2015 9:33:30 PM",
      "config": {},
      "settings": {
        "params": {},
        "forms": {}
      },
      "jobName": "paragraph_1447277150120_13009109",
      "id": "20151111-212550_1260519773",
      "dateCreated": "Nov 11, 2015 9:25:50 PM",
      "status": "READY",
      "progressUpdateIntervalMs": 500
    },
    {
      "text": "%pyspark\nimport numpy as np\nzeroArray \u003d np.zeros( (2,4) )\nprint zeroArray\noneArray \u003d np.ones( (2,3) )  \nprint oneArray      \nemptyArray \u003d np.empty( (2,3) ) \nprint emptyArray\n\nfoo \u003d [ [1,2,3],\n        [4,5,6]]\n\nmyArray \u003d np.array(foo)\nprint myArray       \nrangeArray \u003d np.arange(6,12).reshape( (2,3) ) \nprint rangeArray    \nprint np.arange(6,12) \nprint rangeArray.reshape( (3,2) )\nmatA \u003d np.array( [[1,2],[3,4]] )\nmatB \u003d np.array( [[5,6],[7,8]] )\nprint np.dot(matA,matB) ",
      "dateUpdated": "Nov 11, 2015 9:33:30 PM",
      "config": {
        "graph": {
          "mode": "table",
          "height": 300.0,
          "optionOpen": false,
          "keys": [],
          "values": [],
          "groups": [],
          "scatter": {}
        },
        "colWidth": 12.0
      },
      "settings": {
        "params": {},
        "forms": {}
      },
      "jobName": "paragraph_1440904133671_1927752139",
      "id": "20150829-230853_1727663297",
      "result": {
        "code": "SUCCESS",
        "type": "TEXT",
        "msg": "[[ 0.  0.  0.  0.]\n [ 0.  0.  0.  0.]]\n[[ 1.  1.  1.]\n [ 1.  1.  1.]]\n[[ 0.  0.  0.]\n [ 0.  0.  0.]]\n[[1 2 3]\n [4 5 6]]\n[[ 6  7  8]\n [ 9 10 11]]\n[ 6  7  8  9 10 11]\n[[ 6  7]\n [ 8  9]\n [10 11]]\n[[19 22]\n [43 50]]\n"
      },
      "dateCreated": "Aug 29, 2015 11:08:53 PM",
      "dateStarted": "Aug 29, 2015 11:16:25 PM",
      "dateFinished": "Aug 29, 2015 11:16:25 PM",
      "status": "FINISHED",
      "progressUpdateIntervalMs": 500
    },
    {
      "text": "%pyspark\nimport numpy as np\nfrom scipy import linalg\narr \u003d np.array([[1, 2],[3, 4]])\nprint linalg.det(arr)\narr \u003d np.array([[3, 2],[6, 4]])\nprint linalg.det(arr)\nprint linalg.det(np.ones((6, 6)))\narr \u003d np.array([[3, 2], [5, 4]])\nprint linalg.inv(arr)",
      "dateUpdated": "Nov 11, 2015 9:33:30 PM",
      "config": {
        "graph": {
          "mode": "table",
          "height": 300.0,
          "optionOpen": false,
          "keys": [],
          "values": [],
          "groups": [],
          "scatter": {}
        },
        "colWidth": 12.0
      },
      "settings": {
        "params": {},
        "forms": {}
      },
      "jobName": "paragraph_1440904200750_346357539",
      "id": "20150829-231000_1895586158",
      "result": {
        "code": "SUCCESS",
        "type": "TEXT",
        "msg": "-2.0\n0.0\n0.0\n[[ 2.  -1. ]\n [-2.5  1.5]]\n"
      },
      "dateCreated": "Aug 29, 2015 11:10:00 PM",
      "dateStarted": "Aug 29, 2015 11:17:55 PM",
      "dateFinished": "Aug 29, 2015 11:17:55 PM",
      "status": "FINISHED",
      "progressUpdateIntervalMs": 500
    },
    {
      "text": "%pyspark\ntime_step \u003d 0.02\nperiod \u003d 5.\ntime_vec \u003d np.arange(0, 20, time_step)\nsig \u003d np.sin(2 * np.pi / period * time_vec) + 0.5 * np.random.randn(time_vec.size)\nfrom scipy import fftpack\nsample_freq \u003d fftpack.fftfreq(sig.size, d\u003dtime_step)\nsig_fft \u003d fftpack.fft(sig)\npidxs \u003d np.where(sample_freq \u003e 0)\nfreqs \u003d sample_freq[pidxs]\npower \u003d np.abs(sig_fft)[pidxs]\nfreq \u003d freqs[power.argmax()]\nnp.allclose(freq, 1./period)\nsig_fft[np.abs(sample_freq) \u003e freq] \u003d 0\nmain_sig \u003d fftpack.ifft(sig_fft)\n\nfrom scipy import misc",
      "dateUpdated": "Nov 11, 2015 9:33:30 PM",
      "config": {
        "graph": {
          "mode": "table",
          "height": 300.0,
          "optionOpen": false,
          "keys": [],
          "values": [],
          "groups": [],
          "scatter": {}
        },
        "colWidth": 12.0
      },
      "settings": {
        "params": {},
        "forms": {}
      },
      "jobName": "paragraph_1440904535782_-286293891",
      "id": "20150829-231535_1640681026",
      "result": {
        "code": "SUCCESS",
        "type": "TEXT",
        "msg": ""
      },
      "dateCreated": "Aug 29, 2015 11:15:35 PM",
      "dateStarted": "Aug 29, 2015 11:25:50 PM",
      "dateFinished": "Aug 29, 2015 11:25:50 PM",
      "status": "FINISHED",
      "progressUpdateIntervalMs": 500
    },
    {
      "text": "%pyspark\n\n#import matplotlib.pyplot as plt\nimport numpy as np\nfrom sklearn import datasets, linear_model\n\ndiabetes \u003d datasets.load_diabetes()\n\n\n# Use only one feature\ndiabetes_X \u003d diabetes.data[:, np.newaxis]\ndiabetes_X_temp \u003d diabetes_X[:, :, 2]\n\n# Split the data into training/testing sets\ndiabetes_X_train \u003d diabetes_X_temp[:-20]\ndiabetes_X_test \u003d diabetes_X_temp[-20:]\n\n# Split the targets into training/testing sets\ndiabetes_y_train \u003d diabetes.target[:-20]\ndiabetes_y_test \u003d diabetes.target[-20:]\n\n# Create linear regression object\nregr \u003d linear_model.LinearRegression()\n\n# Train the model using the training sets\nregr.fit(diabetes_X_train, diabetes_y_train)\n\n# The coefficients\nprint(\u0027Coefficients: \u0027, regr.coef_)\n\nprint(\"Residual sum of squares: %.2f\"\n      % np.mean((regr.predict(diabetes_X_test) - diabetes_y_test) ** 2))\n# Explained variance score: 1 is perfect prediction\nprint(\u0027Variance score: %.2f\u0027 % regr.score(diabetes_X_test, diabetes_y_test))\n\n",
      "dateUpdated": "Nov 11, 2015 9:33:30 PM",
      "config": {
        "graph": {
          "mode": "table",
          "height": 300.0,
          "optionOpen": false,
          "keys": [],
          "values": [],
          "groups": [],
          "scatter": {}
        },
        "colWidth": 12.0
      },
      "settings": {
        "params": {},
        "forms": {}
      },
      "jobName": "paragraph_1440904711411_-1169633038",
      "id": "20150829-231831_512671959",
      "result": {
        "code": "SUCCESS",
        "type": "TEXT",
        "msg": "(\u0027Coefficients: \u0027, array([ 938.23786125]))\nResidual sum of squares: 2548.07\nVariance score: 0.47\n"
      },
      "dateCreated": "Aug 29, 2015 11:18:31 PM",
      "dateStarted": "Aug 29, 2015 11:36:50 PM",
      "dateFinished": "Aug 29, 2015 11:36:50 PM",
      "status": "FINISHED",
      "progressUpdateIntervalMs": 500
    },
    {
      "text": "%pyspark\nimport sys\nimport os\n\nbaseDir         \u003d os.path.join(\u0027/tmp/movielens\u0027)\nratingsFilename \u003d os.path.join(baseDir, \u0027ratings.dat\u0027)\nmoviesFilename  \u003d os.path.join(baseDir, \u0027movies.dat\u0027)\n\nnumPartitions \u003d 2\nrawRatings \u003d sc.textFile(ratingsFilename).repartition(numPartitions)\nrawMovies  \u003d sc.textFile(moviesFilename)",
      "dateUpdated": "Nov 12, 2015 2:44:47 AM",
      "config": {
        "graph": {
          "mode": "table",
          "height": 300.0,
          "optionOpen": false,
          "keys": [],
          "values": [],
          "groups": [],
          "scatter": {}
        },
        "editorMode": "ace/mode/scala",
        "colWidth": 12.0
      },
      "settings": {
        "params": {},
        "forms": {}
      },
      "jobName": "paragraph_1440905554577_1416077664",
      "id": "20150829-233234_748665068",
      "result": {
        "code": "SUCCESS",
        "type": "TEXT",
        "msg": ""
      },
      "dateCreated": "Aug 29, 2015 11:32:34 PM",
      "dateStarted": "Nov 12, 2015 2:44:47 AM",
      "dateFinished": "Nov 12, 2015 2:45:26 AM",
      "status": "FINISHED",
      "progressUpdateIntervalMs": 500
    },
    {
      "text": "%pyspark\n\nprint rawMovies.take(2)",
      "dateUpdated": "Nov 12, 2015 2:45:55 AM",
      "config": {
        "graph": {
          "mode": "table",
          "height": 300.0,
          "optionOpen": false,
          "keys": [],
          "values": [],
          "groups": [],
          "scatter": {}
        },
        "editorMode": "ace/mode/scala",
        "colWidth": 12.0
      },
      "settings": {
        "params": {},
        "forms": {}
      },
      "jobName": "paragraph_1447277182537_-979780971",
      "id": "20151111-212622_34455638",
      "result": {
        "code": "SUCCESS",
        "type": "TEXT",
        "msg": "[u\"1::Toy Story (1995)::Animation|Children\u0027s|Comedy\", u\"2::Jumanji (1995)::Adventure|Children\u0027s|Fantasy\"]\n"
      },
      "dateCreated": "Nov 11, 2015 9:26:22 PM",
      "dateStarted": "Nov 12, 2015 2:45:55 AM",
      "dateFinished": "Nov 12, 2015 2:49:01 AM",
      "status": "FINISHED",
      "progressUpdateIntervalMs": 500
    },
    {
      "text": "%pyspark\ndef get_ratings_tuple(entry):\n    items \u003d entry.split(\u0027::\u0027)\n    return int(items[0]), int(items[1]), float(items[2])\n\ndef get_movie_tuple(entry):\n    items \u003d entry.split(\u0027::\u0027)\n    return int(items[0]), items[1]\n\nratingsRDD \u003d rawRatings.map(get_ratings_tuple).cache()\nmoviesRDD \u003d rawMovies.map(get_movie_tuple).cache()",
      "dateUpdated": "Nov 11, 2015 9:35:37 PM",
      "config": {
        "colWidth": 12.0,
        "graph": {
          "mode": "table",
          "height": 300.0,
          "optionOpen": false,
          "keys": [],
          "values": [],
          "groups": [],
          "scatter": {}
        },
        "editorMode": "ace/mode/scala"
      },
      "settings": {
        "params": {},
        "forms": {}
      },
      "jobName": "paragraph_1447277366665_-554958533",
      "id": "20151111-212926_1468726403",
      "result": {
        "code": "SUCCESS",
        "type": "TEXT",
        "msg": ""
      },
      "dateCreated": "Nov 11, 2015 9:29:26 PM",
      "dateStarted": "Nov 11, 2015 9:35:37 PM",
      "dateFinished": "Nov 11, 2015 9:35:37 PM",
      "status": "FINISHED",
      "progressUpdateIntervalMs": 500
    },
    {
      "text": "%pyspark\nprint \u0027Ratings: %s\u0027 % ratingsRDD.take(2)\nprint \u0027Movies: %s\u0027 % moviesRDD.take(2)",
      "dateUpdated": "Nov 11, 2015 9:36:30 PM",
      "config": {
        "colWidth": 12.0,
        "graph": {
          "mode": "table",
          "height": 300.0,
          "optionOpen": false,
          "keys": [],
          "values": [],
          "groups": [],
          "scatter": {}
        },
        "editorMode": "ace/mode/scala"
      },
      "settings": {
        "params": {},
        "forms": {}
      },
      "jobName": "paragraph_1447277778937_-893723100",
      "id": "20151111-213618_262368711",
      "result": {
        "code": "SUCCESS",
        "type": "TEXT",
        "msg": "Ratings: [(3092, 1240, 5.0), (3093, 3793, 4.0)]\nMovies: [(1, u\u0027Toy Story (1995)\u0027), (2, u\u0027Jumanji (1995)\u0027)]\n"
      },
      "dateCreated": "Nov 11, 2015 9:36:18 PM",
      "dateStarted": "Nov 11, 2015 9:36:30 PM",
      "dateFinished": "Nov 11, 2015 9:37:11 PM",
      "status": "FINISHED",
      "progressUpdateIntervalMs": 500
    },
    {
      "text": "%pyspark\nmovieIDsWithRatingsRDD \u003d (ratingsRDD\n                          .map(lambda (user_id,movie_id,rating): (movie_id,[rating]))\n                          .reduceByKey(lambda a,b: a+b))\n\ndef getCountsAndAverages(RatingsTuple):\n    total \u003d 0.0\n    for rating in RatingsTuple[1]:\n        total +\u003d rating\n    return (RatingsTuple[0],(len(RatingsTuple[1]),total/len(RatingsTuple[1])))\n\nmovieIDsWithAvgRatingsRDD \u003d movieIDsWithRatingsRDD.map(getCountsAndAverages)\n\nmovieNameWithAvgRatingsRDD \u003d (moviesRDD\n                .join(movieIDsWithAvgRatingsRDD)\n                .map(lambda (movieid,(name,(ratings, average))): (average, name, ratings)))",
      "dateUpdated": "Nov 11, 2015 9:36:01 PM",
      "config": {
        "colWidth": 12.0,
        "graph": {
          "mode": "table",
          "height": 300.0,
          "optionOpen": false,
          "keys": [],
          "values": [],
          "groups": [],
          "scatter": {}
        },
        "editorMode": "ace/mode/scala"
      },
      "settings": {
        "params": {},
        "forms": {}
      },
      "jobName": "paragraph_1447277725307_224479797",
      "id": "20151111-213525_963132660",
      "result": {
        "code": "SUCCESS",
        "type": "TEXT",
        "msg": ""
      },
      "dateCreated": "Nov 11, 2015 9:35:25 PM",
      "dateStarted": "Nov 11, 2015 9:36:01 PM",
      "dateFinished": "Nov 11, 2015 9:36:01 PM",
      "status": "FINISHED",
      "progressUpdateIntervalMs": 500
    },
    {
      "text": "%pyspark\nprint movieNameWithAvgRatingsRDD.take(3)",
      "dateUpdated": "Nov 11, 2015 10:09:01 PM",
      "config": {
        "colWidth": 12.0,
        "graph": {
          "mode": "table",
          "height": 300.0,
          "optionOpen": false,
          "keys": [],
          "values": [],
          "groups": [],
          "scatter": {}
        },
        "editorMode": "ace/mode/scala"
      },
      "settings": {
        "params": {},
        "forms": {}
      },
      "jobName": "paragraph_1447277761094_1370124104",
      "id": "20151111-213601_1208427162",
      "result": {
        "code": "ERROR",
        "type": "TEXT",
        "msg": "Py4JJavaError: An error occurred while calling z:org.apache.spark.api.python.PythonRDD.runJob.\n: org.apache.spark.SparkException: Job aborted due to stage failure: Task 1 in stage 19.0 failed 4 times, most recent failure: Lost task 1.3 in stage 19.0 (TID 28, sandbox.hortonworks.com): org.apache.spark.api.python.PythonException: Traceback (most recent call last):\n  File \"/hadoop/yarn/local/usercache/zeppelin/appcache/application_1447211647458_0004/container_e11_1447211647458_0004_01_000002/pyspark.zip/pyspark/worker.py\", line 111, in main\n    process()\n  File \"/hadoop/yarn/local/usercache/zeppelin/appcache/application_1447211647458_0004/container_e11_1447211647458_0004_01_000002/pyspark.zip/pyspark/worker.py\", line 106, in process\n    serializer.dump_stream(func(split_index, iterator), outfile)\n  File \"/hadoop/yarn/local/usercache/zeppelin/appcache/application_1447211647458_0004/container_e11_1447211647458_0004_01_000002/pyspark.zip/pyspark/serializers.py\", line 263, in dump_stream\n    vs \u003d list(itertools.islice(iterator, batch))\n  File \"\u003cstring\u003e\", line 3, in get_ratings_tuple\nIndexError: list index out of range\n\n\tat org.apache.spark.api.python.PythonRDD$$anon$1.read(PythonRDD.scala:138)\n\tat org.apache.spark.api.python.PythonRDD$$anon$1.next(PythonRDD.scala:101)\n\tat org.apache.spark.api.python.PythonRDD$$anon$1.next(PythonRDD.scala:97)\n\tat org.apache.spark.InterruptibleIterator.next(InterruptibleIterator.scala:43)\n\tat org.apache.spark.storage.MemoryStore.unrollSafely(MemoryStore.scala:277)\n\tat org.apache.spark.CacheManager.putInBlockManager(CacheManager.scala:171)\n\tat org.apache.spark.CacheManager.getOrCompute(CacheManager.scala:78)\n\tat org.apache.spark.rdd.RDD.iterator(RDD.scala:242)\n\tat org.apache.spark.api.python.PythonRDD$WriterThread$$anonfun$run$3.apply(PythonRDD.scala:248)\n\tat org.apache.spark.util.Utils$.logUncaughtExceptions(Utils.scala:1772)\n\tat org.apache.spark.api.python.PythonRDD$WriterThread.run(PythonRDD.scala:208)\n\nDriver stacktrace:\n\tat org.apache.spark.scheduler.DAGScheduler.org$apache$spark$scheduler$DAGScheduler$$failJobAndIndependentStages(DAGScheduler.scala:1273)\n\tat org.apache.spark.scheduler.DAGScheduler$$anonfun$abortStage$1.apply(DAGScheduler.scala:1264)\n\tat org.apache.spark.scheduler.DAGScheduler$$anonfun$abortStage$1.apply(DAGScheduler.scala:1263)\n\tat scala.collection.mutable.ResizableArray$class.foreach(ResizableArray.scala:59)\n\tat scala.collection.mutable.ArrayBuffer.foreach(ArrayBuffer.scala:47)\n\tat org.apache.spark.scheduler.DAGScheduler.abortStage(DAGScheduler.scala:1263)\n\tat org.apache.spark.scheduler.DAGScheduler$$anonfun$handleTaskSetFailed$1.apply(DAGScheduler.scala:730)\n\tat org.apache.spark.scheduler.DAGScheduler$$anonfun$handleTaskSetFailed$1.apply(DAGScheduler.scala:730)\n\tat scala.Option.foreach(Option.scala:236)\n\tat org.apache.spark.scheduler.DAGScheduler.handleTaskSetFailed(DAGScheduler.scala:730)\n\tat org.apache.spark.scheduler.DAGSchedulerEventProcessLoop.onReceive(DAGScheduler.scala:1457)\n\tat org.apache.spark.scheduler.DAGSchedulerEventProcessLoop.onReceive(DAGScheduler.scala:1418)\n\tat org.apache.spark.util.EventLoop$$anon$1.run(EventLoop.scala:48)\n\n(\u003cclass \u0027py4j.protocol.Py4JJavaError\u0027\u003e, Py4JJavaError(u\u0027An error occurred while calling z:org.apache.spark.api.python.PythonRDD.runJob.\\n\u0027, JavaObject id\u003do261), \u003ctraceback object at 0x15512d8\u003e)"
      },
      "dateCreated": "Nov 11, 2015 9:36:01 PM",
      "dateStarted": "Nov 11, 2015 10:09:01 PM",
      "dateFinished": "Nov 11, 2015 10:09:12 PM",
      "status": "ERROR",
      "progressUpdateIntervalMs": 500
    },
    {
      "text": "%pyspark\ndef sortFunction(tuple):\n    key \u003d unicode(\u0027%.3f\u0027 % tuple[0])\n    value \u003d tuple[1]\n    return (key + \u0027 \u0027 + value)\n\nmovieLimitedAndSortedByRatingRDD \u003d (movieNameWithAvgRatingsRDD\n                                    .filter(lambda (average, name, ratings): ratings \u003e 500)\n                                    .sortBy(sortFunction, False))",
      "dateUpdated": "Nov 11, 2015 10:10:18 PM",
      "config": {
        "colWidth": 12.0,
        "graph": {
          "mode": "table",
          "height": 300.0,
          "optionOpen": false,
          "keys": [],
          "values": [],
          "groups": [],
          "scatter": {}
        },
        "editorMode": "ace/mode/scala"
      },
      "settings": {
        "params": {},
        "forms": {}
      },
      "jobName": "paragraph_1447278059525_-640159895",
      "id": "20151111-214059_2102544801",
      "result": {
        "code": "ERROR",
        "type": "TEXT",
        "msg": "Py4JJavaError: An error occurred while calling z:org.apache.spark.api.python.PythonRDD.collectAndServe.\n: org.apache.spark.SparkException: Job aborted due to stage failure: Task 1 in stage 23.0 failed 4 times, most recent failure: Lost task 1.3 in stage 23.0 (TID 33, sandbox.hortonworks.com): org.apache.spark.api.python.PythonException: Traceback (most recent call last):\n  File \"/hadoop/yarn/local/usercache/zeppelin/appcache/application_1447211647458_0004/container_e11_1447211647458_0004_01_000002/pyspark.zip/pyspark/worker.py\", line 111, in main\n    process()\n  File \"/hadoop/yarn/local/usercache/zeppelin/appcache/application_1447211647458_0004/container_e11_1447211647458_0004_01_000002/pyspark.zip/pyspark/worker.py\", line 106, in process\n    serializer.dump_stream(func(split_index, iterator), outfile)\n  File \"/hadoop/yarn/local/usercache/zeppelin/appcache/application_1447211647458_0004/container_e11_1447211647458_0004_01_000002/pyspark.zip/pyspark/serializers.py\", line 263, in dump_stream\n    vs \u003d list(itertools.islice(iterator, batch))\n  File \"\u003cstring\u003e\", line 3, in get_ratings_tuple\nIndexError: list index out of range\n\n\tat org.apache.spark.api.python.PythonRDD$$anon$1.read(PythonRDD.scala:138)\n\tat org.apache.spark.api.python.PythonRDD$$anon$1.next(PythonRDD.scala:101)\n\tat org.apache.spark.api.python.PythonRDD$$anon$1.next(PythonRDD.scala:97)\n\tat org.apache.spark.InterruptibleIterator.next(InterruptibleIterator.scala:43)\n\tat org.apache.spark.storage.MemoryStore.unrollSafely(MemoryStore.scala:277)\n\tat org.apache.spark.CacheManager.putInBlockManager(CacheManager.scala:171)\n\tat org.apache.spark.CacheManager.getOrCompute(CacheManager.scala:78)\n\tat org.apache.spark.rdd.RDD.iterator(RDD.scala:242)\n\tat org.apache.spark.api.python.PythonRDD$WriterThread$$anonfun$run$3.apply(PythonRDD.scala:248)\n\tat org.apache.spark.util.Utils$.logUncaughtExceptions(Utils.scala:1772)\n\tat org.apache.spark.api.python.PythonRDD$WriterThread.run(PythonRDD.scala:208)\n\nDriver stacktrace:\n\tat org.apache.spark.scheduler.DAGScheduler.org$apache$spark$scheduler$DAGScheduler$$failJobAndIndependentStages(DAGScheduler.scala:1273)\n\tat org.apache.spark.scheduler.DAGScheduler$$anonfun$abortStage$1.apply(DAGScheduler.scala:1264)\n\tat org.apache.spark.scheduler.DAGScheduler$$anonfun$abortStage$1.apply(DAGScheduler.scala:1263)\n\tat scala.collection.mutable.ResizableArray$class.foreach(ResizableArray.scala:59)\n\tat scala.collection.mutable.ArrayBuffer.foreach(ArrayBuffer.scala:47)\n\tat org.apache.spark.scheduler.DAGScheduler.abortStage(DAGScheduler.scala:1263)\n\tat org.apache.spark.scheduler.DAGScheduler$$anonfun$handleTaskSetFailed$1.apply(DAGScheduler.scala:730)\n\tat org.apache.spark.scheduler.DAGScheduler$$anonfun$handleTaskSetFailed$1.apply(DAGScheduler.scala:730)\n\tat scala.Option.foreach(Option.scala:236)\n\tat org.apache.spark.scheduler.DAGScheduler.handleTaskSetFailed(DAGScheduler.scala:730)\n\tat org.apache.spark.scheduler.DAGSchedulerEventProcessLoop.onReceive(DAGScheduler.scala:1457)\n\tat org.apache.spark.scheduler.DAGSchedulerEventProcessLoop.onReceive(DAGScheduler.scala:1418)\n\tat org.apache.spark.util.EventLoop$$anon$1.run(EventLoop.scala:48)\n\n(\u003cclass \u0027py4j.protocol.Py4JJavaError\u0027\u003e, Py4JJavaError(u\u0027An error occurred while calling z:org.apache.spark.api.python.PythonRDD.collectAndServe.\\n\u0027, JavaObject id\u003do271), \u003ctraceback object at 0x15755f0\u003e)"
      },
      "dateCreated": "Nov 11, 2015 9:40:59 PM",
      "dateStarted": "Nov 11, 2015 10:10:18 PM",
      "dateFinished": "Nov 11, 2015 10:10:28 PM",
      "status": "ERROR",
      "progressUpdateIntervalMs": 500
    },
    {
      "config": {},
      "settings": {
        "params": {},
        "forms": {}
      },
      "jobName": "paragraph_1447279818238_1577814057",
      "id": "20151111-221018_1719960860",
      "dateCreated": "Nov 11, 2015 10:10:18 PM",
      "status": "READY",
      "progressUpdateIntervalMs": 500
    }
  ],
  "name": "Movies Recommendation Engine in PySpark",
  "id": "2B5FVHBDS",
  "angularObjects": {
    "2B3JK1AJF": [],
    "2B54KU1S9": [],
    "2B234PXKY": [],
    "2B1TWFH5X": [],
    "2B42MN9UV": [],
    "2B49FRXSJ": [],
    "2B3WVMGUU": [],
    "2B3S2M1PG": [],
    "2B3RC7YNW": [],
    "2B468TAR1": [],
    "2B4WPUX2C": [],
    "2B3UHXV87": [],
    "2B32H8B5W": [],
    "2B4SXBHF9": []
  },
  "config": {},
  "info": {}
}