{
  "paragraphs": [
    {
      "text": "%md\n## Analyze intra-day stock prices from Phoenix",
      "dateUpdated": "Sep 16, 2015 4:11:56 AM",
      "config": {
        "colWidth": 12.0,
        "graph": {
          "mode": "table",
          "height": 300.0,
          "optionOpen": false,
          "keys": [],
          "values": [],
          "groups": [],
          "scatter": {}
        },
        "editorMode": "ace/mode/markdown",
        "editorHide": true
      },
      "settings": {
        "params": {},
        "forms": {}
      },
      "jobName": "paragraph_1442365207261_1843839715",
      "id": "20150916-010007_590343339",
      "result": {
        "code": "SUCCESS",
        "type": "HTML",
        "msg": "\u003ch2\u003eAnalyze intra-day stock prices from Phoenix\u003c/h2\u003e\n"
      },
      "dateCreated": "Sep 16, 2015 1:00:07 AM",
      "dateStarted": "Sep 16, 2015 4:11:53 AM",
      "dateFinished": "Sep 16, 2015 4:11:54 AM",
      "status": "FINISHED",
      "progressUpdateIntervalMs": 500
    },
    {
      "title": "Download data",
      "text": "%sh\n\ncd\n/bin/rm -f prices.csv\n/bin/rm -f google_intraday.py\nwget https://raw.githubusercontent.com/abajwa-hw/opentsdb-service/master/scripts/google_intraday.py\npython google_intraday.py AAPL \u003e prices.csv\npython google_intraday.py GOOG \u003e\u003e prices.csv\npython google_intraday.py HDP \u003e\u003e prices.csv\npython google_intraday.py ORCL \u003e\u003e prices.csv\npython google_intraday.py MSFT \u003e\u003e prices.csv\n",
      "dateUpdated": "Sep 16, 2015 4:21:45 AM",
      "config": {
        "colWidth": 12.0,
        "graph": {
          "mode": "table",
          "height": 300.0,
          "optionOpen": false,
          "keys": [
            {
              "name": "TENANT_ID",
              "index": 0.0,
              "aggr": "sum"
            }
          ],
          "values": [
            {
              "name": "TABLE_SCHEM",
              "index": 1.0,
              "aggr": "sum"
            }
          ],
          "groups": [],
          "scatter": {
            "xAxis": {
              "name": "TENANT_ID",
              "index": 0.0,
              "aggr": "sum"
            },
            "yAxis": {
              "name": "TABLE_SCHEM",
              "index": 1.0,
              "aggr": "sum"
            }
          }
        },
        "editorMode": "ace/mode/sh",
        "title": true
      },
      "settings": {
        "params": {},
        "forms": {}
      },
      "jobName": "paragraph_1442362885086_-2118213037",
      "id": "20150916-002125_1930720731",
      "result": {
        "code": "SUCCESS",
        "type": "TEXT",
        "msg": "--2015-09-16 04:21:45--  https://raw.githubusercontent.com/abajwa-hw/opentsdb-service/master/scripts/google_intraday.py\nResolving raw.githubusercontent.com... 23.235.47.133\nConnecting to raw.githubusercontent.com|23.235.47.133|:443... connected.\nHTTP request sent, awaiting response... 200 OK\nLength: 5783 (5.6K) [text/plain]\nSaving to: “google_intraday.py”\n\n     0K .....                                                 100%  546M\u003d0s\n\n2015-09-16 04:21:46 (546 MB/s) - “google_intraday.py” saved [5783/5783]\n\n"
      },
      "dateCreated": "Sep 16, 2015 12:21:25 AM",
      "dateStarted": "Sep 16, 2015 4:21:45 AM",
      "dateFinished": "Sep 16, 2015 4:21:49 AM",
      "status": "FINISHED",
      "progressUpdateIntervalMs": 500
    },
    {
      "title": "Create Phoenix table",
      "text": "%phoenix\ncreate table if not exists PRICES (\n SYMBOL varchar(10),\n DATE   varchar(10),\n TIME varchar(10),\n OPEN varchar(10),\n HIGH varchar(10),\n LOW    varchar(10),\n CLOSE     varchar(10),\n VOLUME varchar(30),\n CONSTRAINT pk PRIMARY KEY (SYMBOL, DATE, TIME)\n)",
      "dateUpdated": "Sep 16, 2015 6:21:09 AM",
      "config": {
        "colWidth": 4.0,
        "graph": {
          "mode": "table",
          "height": 161.0,
          "optionOpen": false,
          "keys": [
            {
              "name": "UPDATES ",
              "index": 0.0,
              "aggr": "sum"
            }
          ],
          "values": [],
          "groups": [],
          "scatter": {
            "xAxis": {
              "name": "UPDATES ",
              "index": 0.0,
              "aggr": "sum"
            }
          }
        },
        "editorMode": "ace/mode/scala",
        "tableHide": false,
        "editorHide": false,
        "title": true
      },
      "settings": {
        "params": {},
        "forms": {}
      },
      "jobName": "paragraph_1442362901210_71038853",
      "id": "20150916-002141_148764580",
      "result": {
        "code": "SUCCESS",
        "type": "TABLE",
        "msg": "UPDATES \nRows affected: 0\n"
      },
      "dateCreated": "Sep 16, 2015 12:21:41 AM",
      "dateStarted": "Sep 16, 2015 6:21:09 AM",
      "dateFinished": "Sep 16, 2015 6:21:12 AM",
      "status": "FINISHED",
      "progressUpdateIntervalMs": 500
    },
    {
      "text": "%phoenix\ndelete from PRICES",
      "dateUpdated": "Sep 16, 2015 6:21:14 AM",
      "config": {
        "colWidth": 4.0,
        "graph": {
          "mode": "table",
          "height": 300.0,
          "optionOpen": false,
          "keys": [
            {
              "name": "UPDATES ",
              "index": 0.0,
              "aggr": "sum"
            }
          ],
          "values": [],
          "groups": [],
          "scatter": {
            "xAxis": {
              "name": "UPDATES ",
              "index": 0.0,
              "aggr": "sum"
            }
          }
        },
        "editorMode": "ace/mode/scala"
      },
      "settings": {
        "params": {},
        "forms": {}
      },
      "jobName": "paragraph_1442377247906_-1752153642",
      "id": "20150916-042047_1709572032",
      "result": {
        "code": "SUCCESS",
        "type": "TABLE",
        "msg": "UPDATES \nRows affected: 52012\n"
      },
      "dateCreated": "Sep 16, 2015 4:20:47 AM",
      "dateStarted": "Sep 16, 2015 6:21:14 AM",
      "dateFinished": "Sep 16, 2015 6:21:18 AM",
      "status": "FINISHED",
      "progressUpdateIntervalMs": 500
    },
    {
      "title": "import data into Phoenix",
      "text": "%sh\n/usr/hdp/2*/phoenix/bin/psql.py sandbox.hortonworks.com:2181:/hbase-unsecure ~/prices.csv",
      "dateUpdated": "Sep 16, 2015 6:21:19 AM",
      "config": {
        "colWidth": 4.0,
        "graph": {
          "mode": "table",
          "height": 300.0,
          "optionOpen": false,
          "keys": [],
          "values": [],
          "groups": [],
          "scatter": {}
        },
        "editorMode": "ace/mode/sh",
        "title": true
      },
      "settings": {
        "params": {},
        "forms": {}
      },
      "jobName": "paragraph_1442364164926_1396302889",
      "id": "20150916-004244_556618949",
      "result": {
        "code": "SUCCESS",
        "type": "TEXT",
        "msg": "15/09/16 06:21:21 WARN util.NativeCodeLoader: Unable to load native-hadoop library for your platform... using builtin-java classes where applicable\n15/09/16 06:21:22 WARN impl.MetricsConfig: Cannot locate configuration: tried hadoop-metrics2-phoenix.properties,hadoop-metrics2.properties\ncsv columns from database.\nCSV Upsert complete. 26012 rows upserted\nTime: 10.355 sec(s)\n\n"
      },
      "dateCreated": "Sep 16, 2015 12:42:44 AM",
      "dateStarted": "Sep 16, 2015 6:21:19 AM",
      "dateFinished": "Sep 16, 2015 6:21:34 AM",
      "status": "FINISHED",
      "progressUpdateIntervalMs": 500
    },
    {
      "title": "Visualize trade Volumes Across stocks",
      "text": "%phoenix\nselect date||time timestamp, volume, SYMBOL from PRICES group by timestamp, volume, SYMBOL",
      "dateUpdated": "Sep 16, 2015 6:21:39 AM",
      "config": {
        "colWidth": 12.0,
        "graph": {
          "mode": "lineChart",
          "height": 300.0,
          "optionOpen": false,
          "keys": [
            {
              "name": "TIMESTAMP",
              "index": 0.0,
              "aggr": "sum"
            }
          ],
          "values": [
            {
              "name": "VOLUME",
              "index": 1.0,
              "aggr": "min"
            }
          ],
          "groups": [
            {
              "name": "SYMBOL",
              "index": 2.0,
              "aggr": "sum"
            }
          ],
          "scatter": {
            "yAxis": {
              "name": "VOLUME",
              "index": 1.0,
              "aggr": "sum"
            }
          }
        },
        "editorMode": "ace/mode/scala",
        "title": true
      },
      "settings": {
        "params": {},
        "forms": {}
      },
      "jobName": "paragraph_1442364226061_1180736235",
      "id": "20150916-004346_1690224115",
      "result": {
        "code": "SUCCESS",
        "type": "TABLE",
        "msg": "TIMESTAMP\tVOLUME\tSYMBOL\n2015-08-2613:30:00\t28711\tGOOG\n2015-08-2613:30:00\t3669\tHDP\n2015-08-2613:30:00\t481023\tMSFT\n2015-08-2613:30:00\t7238\tORCL\n2015-08-2613:30:00\t971976\tAAPL\n2015-08-2613:31:00\t1700\tHDP\n2015-08-2613:31:00\t27004\tGOOG\n2015-08-2613:31:00\t329287\tMSFT\n2015-08-2613:31:00\t93113\tORCL\n2015-08-2613:31:00\t961419\tAAPL\n2015-08-2613:32:00\t24205\tGOOG\n2015-08-2613:32:00\t29190\tORCL\n2015-08-2613:32:00\t300\tHDP\n2015-08-2613:32:00\t338893\tMSFT\n2015-08-2613:32:00\t513453\tAAPL\n2015-08-2613:33:00\t1041\tHDP\n2015-08-2613:33:00\t160275\tMSFT\n2015-08-2613:33:00\t19031\tGOOG\n2015-08-2613:33:00\t414558\tORCL\n2015-08-2613:33:00\t546651\tAAPL\n2015-08-2613:34:00\t188478\tMSFT\n2015-08-2613:34:00\t219716\tORCL\n2015-08-2613:34:00\t2200\tHDP\n2015-08-2613:34:00\t671169\tAAPL\n2015-08-2613:34:00\t9930\tGOOG\n2015-08-2613:35:00\t10626\tGOOG\n2015-08-2613:35:00\t206398\tMSFT\n2015-08-2613:35:00\t400\tHDP\n2015-08-2613:35:00\t68688\tORCL\n2015-08-2613:35:00\t706766\tAAPL\n2015-08-2613:36:00\t148978\tMSFT\n2015-08-2613:36:00\t21649\tGOOG\n2015-08-2613:36:00\t300\tHDP\n2015-08-2613:36:00\t31188\tORCL\n2015-08-2613:36:00\t510797\tAAPL\n2015-08-2613:37:00\t12125\tGOOG\n2015-08-2613:37:00\t162\tHDP\n2015-08-2613:37:00\t187768\tMSFT\n2015-08-2613:37:00\t362652\tAAPL\n2015-08-2613:37:00\t37141\tORCL\n2015-08-2613:38:00\t17223\tGOOG\n2015-08-2613:38:00\t244393\tMSFT\n2015-08-2613:38:00\t400\tHDP\n2015-08-2613:38:00\t413712\tAAPL\n2015-08-2613:38:00\t68797\tORCL\n2015-08-2613:39:00\t1300\tHDP\n2015-08-2613:39:00\t14556\tGOOG\n2015-08-2613:39:00\t153216\tMSFT\n2015-08-2613:39:00\t23027\tORCL\n2015-08-2613:39:00\t352192\tAAPL\n2015-08-2613:40:00\t132250\tMSFT\n2015-08-2613:40:00\t14345\tORCL\n2015-08-2613:40:00\t2100\tHDP\n2015-08-2613:40:00\t408567\tAAPL\n2015-08-2613:40:00\t7271\tGOOG\n2015-08-2613:41:00\t15382\tGOOG\n2015-08-2613:41:00\t158571\tMSFT\n2015-08-2613:41:00\t200\tHDP\n2015-08-2613:41:00\t511512\tAAPL\n2015-08-2613:41:00\t54004\tORCL\n2015-08-2613:42:00\t347646\tMSFT\n2015-08-2613:42:00\t368916\tAAPL\n2015-08-2613:42:00\t404\tHDP\n2015-08-2613:42:00\t7348\tGOOG\n2015-08-2613:42:00\t85639\tORCL\n2015-08-2613:43:00\t100\tHDP\n2015-08-2613:43:00\t115696\tORCL\n2015-08-2613:43:00\t16863\tGOOG\n2015-08-2613:43:00\t224728\tMSFT\n2015-08-2613:43:00\t387135\tAAPL\n2015-08-2613:44:00\t232923\tMSFT\n2015-08-2613:44:00\t29539\tGOOG\n2015-08-2613:44:00\t313190\tAAPL\n2015-08-2613:44:00\t33785\tORCL\n2015-08-2613:45:00\t212042\tMSFT\n2015-08-2613:45:00\t21971\tGOOG\n2015-08-2613:45:00\t30579\tORCL\n2015-08-2613:45:00\t369690\tAAPL\n2015-08-2613:45:00\t850\tHDP\n2015-08-2613:46:00\t1300\tHDP\n2015-08-2613:46:00\t13660\tGOOG\n2015-08-2613:46:00\t198791\tMSFT\n2015-08-2613:46:00\t41667\tORCL\n2015-08-2613:46:00\t432421\tAAPL\n2015-08-2613:47:00\t23065\tGOOG\n2015-08-2613:47:00\t254787\tMSFT\n2015-08-2613:47:00\t421911\tAAPL\n2015-08-2613:47:00\t650\tHDP\n2015-08-2613:47:00\t85727\tORCL\n2015-08-2613:48:00\t255807\tAAPL\n2015-08-2613:48:00\t300\tHDP\n2015-08-2613:48:00\t30412\tORCL\n2015-08-2613:48:00\t313073\tMSFT\n2015-08-2613:48:00\t6665\tGOOG\n2015-08-2613:49:00\t13151\tGOOG\n2015-08-2613:49:00\t2300\tHDP\n2015-08-2613:49:00\t288349\tMSFT\n2015-08-2613:49:00\t325858\tAAPL\n2015-08-2613:49:00\t36566\tORCL\n2015-08-2613:50:00\t1800\tHDP\n2015-08-2613:50:00\t213178\tMSFT\n2015-08-2613:50:00\t258401\tAAPL\n2015-08-2613:50:00\t28546\tORCL\n2015-08-2613:50:00\t7289\tGOOG\n2015-08-2613:51:00\t142949\tMSFT\n2015-08-2613:51:00\t23158\tORCL\n2015-08-2613:51:00\t250507\tAAPL\n2015-08-2613:51:00\t9758\tGOOG\n2015-08-2613:52:00\t226744\tMSFT\n2015-08-2613:52:00\t2750\tGOOG\n2015-08-2613:52:00\t38682\tORCL\n2015-08-2613:52:00\t387705\tAAPL\n2015-08-2613:52:00\t7900\tHDP\n2015-08-2613:53:00\t256002\tMSFT\n2015-08-2613:53:00\t385415\tAAPL\n2015-08-2613:53:00\t6092\tHDP\n2015-08-2613:53:00\t6200\tGOOG\n2015-08-2613:53:00\t70640\tORCL\n2015-08-2613:54:00\t1600\tHDP\n2015-08-2613:54:00\t228791\tMSFT\n2015-08-2613:54:00\t358057\tAAPL\n2015-08-2613:54:00\t65487\tORCL\n2015-08-2613:54:00\t9533\tGOOG\n2015-08-2613:55:00\t1900\tHDP\n2015-08-2613:55:00\t281937\tMSFT\n2015-08-2613:55:00\t3250\tGOOG\n2015-08-2613:55:00\t36433\tORCL\n2015-08-2613:55:00\t374484\tAAPL\n2015-08-2613:56:00\t103198\tMSFT\n2015-08-2613:56:00\t1800\tHDP\n2015-08-2613:56:00\t279549\tAAPL\n2015-08-2613:56:00\t58486\tORCL\n2015-08-2613:56:00\t8025\tGOOG\n2015-08-2613:57:00\t247416\tAAPL\n2015-08-2613:57:00\t80789\tORCL\n2015-08-2613:57:00\t8826\tGOOG\n2015-08-2613:57:00\t90686\tMSFT\n2015-08-2613:58:00\t13781\tGOOG\n2015-08-2613:58:00\t166603\tMSFT\n2015-08-2613:58:00\t20813\tORCL\n2015-08-2613:58:00\t362980\tAAPL\n2015-08-2613:59:00\t109072\tMSFT\n2015-08-2613:59:00\t13861\tORCL\n2015-08-2613:59:00\t200\tHDP\n2015-08-2613:59:00\t209526\tAAPL\n2015-08-2613:59:00\t3827\tGOOG\n2015-08-2614:00:00\t123397\tMSFT\n2015-08-2614:00:00\t451203\tAAPL\n2015-08-2614:00:00\t59505\tORCL\n2015-08-2614:00:00\t600\tHDP\n2015-08-2614:00:00\t6189\tGOOG\n2015-08-2614:01:00\t1200\tHDP\n2015-08-2614:01:00\t175132\tMSFT\n2015-08-2614:01:00\t254688\tAAPL\n2015-08-2614:01:00\t32540\tORCL\n2015-08-2614:01:00\t6502\tGOOG\n2015-08-2614:02:00\t17097\tGOOG\n2015-08-2614:02:00\t189246\tMSFT\n2015-08-2614:02:00\t200\tHDP\n2015-08-2614:02:00\t283293\tAAPL\n2015-08-2614:02:00\t36040\tORCL\n2015-08-2614:03:00\t129684\tMSFT\n2015-08-2614:03:00\t14498\tGOOG\n2015-08-2614:03:00\t215481\tAAPL\n2015-08-2614:03:00\t24816\tORCL\n2015-08-2614:04:00\t200\tHDP\n2015-08-2614:04:00\t21303\tORCL\n2015-08-2614:04:00\t283100\tAAPL\n2015-08-2614:04:00\t371001\tMSFT\n2015-08-2614:04:00\t8689\tGOOG\n2015-08-2614:05:00\t22198\tORCL\n2015-08-2614:05:00\t444740\tAAPL\n2015-08-2614:05:00\t70020\tMSFT\n2015-08-2614:05:00\t9620\tHDP\n2015-08-2614:05:00\t9700\tGOOG\n2015-08-2614:06:00\t300704\tAAPL\n2015-08-2614:06:00\t43841\tORCL\n2015-08-2614:06:00\t6200\tHDP\n2015-08-2614:06:00\t7589\tGOOG\n2015-08-2614:06:00\t90425\tMSFT\n2015-08-2614:07:00\t10400\tHDP\n2015-08-2614:07:00\t112817\tMSFT\n2015-08-2614:07:00\t12804\tGOOG\n2015-08-2614:07:00\t288391\tAAPL\n2015-08-2614:07:00\t35332\tORCL\n2015-08-2614:08:00\t215355\tMSFT\n2015-08-2614:08:00\t26272\tORCL\n2015-08-2614:08:00\t302976\tAAPL\n2015-08-2614:08:00\t4850\tGOOG\n2015-08-2614:08:00\t4898\tHDP\n2015-08-2614:09:00\t184839\tMSFT\n2015-08-2614:09:00\t219985\tAAPL\n2015-08-2614:09:00\t40441\tORCL\n2015-08-2614:09:00\t6076\tGOOG\n2015-08-2614:10:00\t112701\tAAPL\n2015-08-2614:10:00\t124383\tMSFT\n2015-08-2614:10:00\t19548\tORCL\n2015-08-2614:10:00\t6072\tGOOG\n2015-08-2614:11:00\t1100\tHDP\n2015-08-2614:11:00\t242135\tAAPL\n2015-08-2614:11:00\t4188\tGOOG\n2015-08-2614:11:00\t62322\tORCL\n2015-08-2614:11:00\t64753\tMSFT\n2015-08-2614:12:00\t192550\tMSFT\n2015-08-2614:12:00\t212214\tAAPL\n2015-08-2614:12:00\t31578\tORCL\n2015-08-2614:12:00\t4750\tGOOG\n2015-08-2614:12:00\t900\tHDP\n2015-08-2614:13:00\t186644\tMSFT\n2015-08-2614:13:00\t223888\tAAPL\n2015-08-2614:13:00\t24192\tORCL\n2015-08-2614:13:00\t5800\tHDP\n2015-08-2614:13:00\t7607\tGOOG\n2015-08-2614:14:00\t107331\tMSFT\n2015-08-2614:14:00\t1900\tHDP\n2015-08-2614:14:00\t290058\tAAPL\n2015-08-2614:14:00\t31840\tORCL\n2015-08-2614:14:00\t7856\tGOOG\n2015-08-2614:15:00\t174332\tAAPL\n2015-08-2614:15:00\t19529\tORCL\n2015-08-2614:15:00\t300\tHDP\n2015-08-2614:15:00\t67715\tMSFT\n2015-08-2614:15:00\t6898\tGOOG\n2015-08-2614:16:00\t12321\tGOOG\n2015-08-2614:16:00\t169613\tORCL\n2015-08-2614:16:00\t2100\tHDP\n2015-08-2614:16:00\t477411\tMSFT\n2015-08-2614:16:00\t689658\tAAPL\n2015-08-2614:17:00\t353641\tMSFT\n2015-08-2614:17:00\t385502\tAAPL\n2015-08-2614:17:00\t400\tHDP\n2015-08-2614:17:00\t5335\tGOOG\n2015-08-2614:17:00\t64772\tORCL\n2015-08-2614:18:00\t256584\tMSFT\n2015-08-2614:18:00\t360712\tAAPL\n2015-08-2614:18:00\t61569\tORCL\n2015-08-2614:18:00\t7607\tGOOG\n2015-08-2614:19:00\t1000\tHDP\n2015-08-2614:19:00\t356204\tMSFT\n2015-08-2614:19:00\t483592\tAAPL\n2015-08-2614:19:00\t5700\tGOOG\n2015-08-2614:19:00\t61405\tORCL\n2015-08-2614:20:00\t179508\tMSFT\n2015-08-2614:20:00\t239958\tAAPL\n2015-08-2614:20:00\t350\tHDP\n2015-08-2614:20:00\t3700\tGOOG\n2015-08-2614:20:00\t81796\tORCL\n2015-08-2614:21:00\t150\tHDP\n2015-08-2614:21:00\t322826\tMSFT\n2015-08-2614:21:00\t39554\tORCL\n2015-08-2614:21:00\t421630\tAAPL\n2015-08-2614:21:00\t5650\tGOOG\n2015-08-2614:22:00\t10324\tGOOG\n2015-08-2614:22:00\t109205\tMSFT\n2015-08-2614:22:00\t222048\tAAPL\n2015-08-2614:22:00\t27624\tORCL\n2015-08-2614:23:00\t1000\tHDP\n2015-08-2614:23:00\t101218\tMSFT\n2015-08-2614:23:00\t191045\tAAPL\n2015-08-2614:23:00\t33577\tORCL\n2015-08-2614:23:00\t5320\tGOOG\n2015-08-2614:24:00\t141140\tMSFT\n2015-08-2614:24:00\t181991\tAAPL\n2015-08-2614:24:00\t300\tHDP\n2015-08-2614:24:00\t49975\tORCL\n2015-08-2614:24:00\t6102\tGOOG\n2015-08-2614:25:00\t133589\tAAPL\n2015-08-2614:25:00\t198884\tMSFT\n2015-08-2614:25:00\t28584\tORCL\n2015-08-2614:25:00\t5650\tGOOG\n2015-08-2614:26:00\t126639\tMSFT\n2015-08-2614:26:00\t134946\tAAPL\n2015-08-2614:26:00\t1500\tHDP\n2015-08-2614:26:00\t37587\tORCL\n2015-08-2614:26:00\t6040\tGOOG\n2015-08-2614:27:00\t131575\tMSFT\n2015-08-2614:27:00\t132952\tAAPL\n2015-08-2614:27:00\t200\tHDP\n2015-08-2614:27:00\t21450\tORCL\n2015-08-2614:27:00\t4300\tGOOG\n2015-08-2614:28:00\t133362\tMSFT\n2015-08-2614:28:00\t243948\tAAPL\n2015-08-2614:28:00\t50153\tORCL\n2015-08-2614:28:00\t6085\tGOOG\n2015-08-2614:29:00\t188916\tAAPL\n2015-08-2614:29:00\t4735\tGOOG\n2015-08-2614:29:00\t56940\tORCL\n2015-08-2614:29:00\t71341\tMSFT\n2015-08-2614:30:00\t11050\tGOOG\n2015-08-2614:30:00\t127920\tAAPL\n2015-08-2614:30:00\t182420\tMSFT\n2015-08-2614:30:00\t45012\tORCL\n2015-08-2614:31:00\t100\tHDP\n2015-08-2614:31:00\t195434\tAAPL\n2015-08-2614:31:00\t264632\tMSFT\n2015-08-2614:31:00\t43845\tORCL\n2015-08-2614:31:00\t9296\tGOOG\n2015-08-2614:32:00\t141445\tMSFT\n2015-08-2614:32:00\t235017\tAAPL\n2015-08-2614:32:00\t400\tHDP\n2015-08-2614:32:00\t40194\tORCL\n2015-08-2614:32:00\t5442\tGOOG\n2015-08-2614:33:00\t246460\tAAPL\n2015-08-2614:33:00\t382532\tMSFT\n2015-08-2614:33:00\t3900\tGOOG\n2015-08-2614:33:00\t600\tHDP\n2015-08-2614:33:00\t83386\tORCL\n2015-08-2614:34:00\t1000\tHDP\n2015-08-2614:34:00\t23561\tGOOG\n2015-08-2614:34:00\t482644\tAAPL\n2015-08-2614:34:00\t482926\tMSFT\n2015-08-2614:34:00\t68302\tORCL\n2015-08-2614:35:00\t11364\tHDP\n2015-08-2614:35:00\t12947\tGOOG\n2015-08-2614:35:00\t166733\tMSFT\n2015-08-2614:35:00\t317812\tAAPL\n2015-08-2614:35:00\t42663\tORCL\n2015-08-2614:36:00\t168404\tMSFT\n2015-08-2614:36:00\t227011\tAAPL\n2015-08-2614:36:00\t40256\tORCL\n2015-08-2614:36:00\t5080\tGOOG\n2015-08-2614:36:00\t800\tHDP\n2015-08-2614:37:00\t110785\tMSFT\n2015-08-2614:37:00\t203061\tAAPL\n2015-08-2614:37:00\t37475\tORCL\n2015-08-2614:37:00\t4079\tGOOG\n2015-08-2614:37:00\t500\tHDP\n2015-08-2614:38:00\t103187\tMSFT\n2015-08-2614:38:00\t194130\tAAPL\n2015-08-2614:38:00\t30737\tORCL\n2015-08-2614:38:00\t5504\tGOOG\n2015-08-2614:39:00\t123130\tAAPL\n2015-08-2614:39:00\t1500\tGOOG\n2015-08-2614:39:00\t18113\tORCL\n2015-08-2614:39:00\t650\tHDP\n2015-08-2614:39:00\t79794\tMSFT\n2015-08-2614:40:00\t100\tHDP\n2015-08-2614:40:00\t116579\tAAPL\n2015-08-2614:40:00\t1900\tGOOG\n2015-08-2614:40:00\t58265\tORCL\n2015-08-2614:40:00\t73220\tMSFT\n2015-08-2614:41:00\t135573\tAAPL\n2015-08-2614:41:00\t200\tHDP\n2015-08-2614:41:00\t21643\tORCL\n2015-08-2614:41:00\t3120\tGOOG\n2015-08-2614:41:00\t59787\tMSFT\n2015-08-2614:42:00\t100\tHDP\n2015-08-2614:42:00\t15140\tORCL\n2015-08-2614:42:00\t170421\tAAPL\n2015-08-2614:42:00\t1900\tGOOG\n2015-08-2614:42:00\t95312\tMSFT\n2015-08-2614:43:00\t168468\tAAPL\n2015-08-2614:43:00\t21065\tORCL\n2015-08-2614:43:00\t3031\tGOOG\n2015-08-2614:43:00\t700\tHDP\n2015-08-2614:43:00\t90027\tMSFT\n2015-08-2614:44:00\t100\tHDP\n2015-08-2614:44:00\t10602\tGOOG\n2015-08-2614:44:00\t180978\tAAPL\n2015-08-2614:44:00\t48179\tORCL\n2015-08-2614:44:00\t82566\tMSFT\n2015-08-2614:45:00\t124338\tMSFT\n2015-08-2614:45:00\t12974\tGOOG\n2015-08-2614:45:00\t1700\tHDP\n2015-08-2614:45:00\t207794\tAAPL\n2015-08-2614:45:00\t36422\tORCL\n2015-08-2614:46:00\t139157\tAAPL\n2015-08-2614:46:00\t144143\tMSFT\n2015-08-2614:46:00\t29024\tORCL\n2015-08-2614:46:00\t3704\tGOOG\n2015-08-2614:46:00\t850\tHDP\n2015-08-2614:47:00\t143240\tAAPL\n2015-08-2614:47:00\t150657\tMSFT\n2015-08-2614:47:00\t34238\tORCL\n2015-08-2614:47:00\t7758\tGOOG\n2015-08-2614:47:00\t900\tHDP\n2015-08-2614:48:00\t142648\tAAPL\n2015-08-2614:48:00\t153617\tMSFT\n2015-08-2614:48:00\t249\tHDP\n2015-08-2614:48:00\t33739\tORCL\n2015-08-2614:48:00\t4562\tGOOG\n2015-08-2614:49:00\t106248\tMSFT\n2015-08-2614:49:00\t1400\tHDP\n2015-08-2614:49:00\t179487\tAAPL\n2015-08-2614:49:00\t1940\tGOOG\n2015-08-2614:49:00\t44250\tORCL\n2015-08-2614:50:00\t123032\tAAPL\n2015-08-2614:50:00\t1600\tHDP\n2015-08-2614:50:00\t23541\tORCL\n2015-08-2614:50:00\t3497\tGOOG\n2015-08-2614:50:00\t53588\tMSFT\n2015-08-2614:51:00\t173507\tAAPL\n2015-08-2614:51:00\t175048\tMSFT\n2015-08-2614:51:00\t2700\tGOOG\n2015-08-2614:51:00\t300\tHDP\n2015-08-2614:51:00\t57195\tORCL\n2015-08-2614:52:00\t110913\tMSFT\n2015-08-2614:52:00\t20756\tORCL\n2015-08-2614:52:00\t230674\tAAPL\n2015-08-2614:52:00\t300\tHDP\n2015-08-2614:52:00\t900\tGOOG\n2015-08-2614:53:00\t167146\tMSFT\n2015-08-2614:53:00\t1700\tHDP\n2015-08-2614:53:00\t290651\tAAPL\n2015-08-2614:53:00\t6588\tGOOG\n2015-08-2614:53:00\t92735\tORCL\n2015-08-2614:54:00\t140287\tMSFT\n2015-08-2614:54:00\t140710\tAAPL\n2015-08-2614:54:00\t51271\tORCL\n2015-08-2614:54:00\t9198\tGOOG\n2015-08-2614:55:00\t120262\tAAPL\n2015-08-2614:55:00\t36830\tORCL\n2015-08-2614:55:00\t60141\tMSFT\n2015-08-2614:55:00\t7886\tGOOG\n2015-08-2614:56:00\t156906\tMSFT\n2015-08-2614:56:00\t192835\tAAPL\n2015-08-2614:56:00\t2000\tHDP\n2015-08-2614:56:00\t4550\tGOOG\n2015-08-2614:56:00\t47468\tORCL\n2015-08-2614:57:00\t107510\tAAPL\n2015-08-2614:57:00\t2429\tGOOG\n2015-08-2614:57:00\t37098\tORCL\n2015-08-2614:57:00\t51484\tMSFT\n2015-08-2614:57:00\t7100\tHDP\n2015-08-2614:58:00\t168311\tAAPL\n2015-08-2614:58:00\t200\tHDP\n2015-08-2614:58:00\t62015\tORCL\n2015-08-2614:58:00\t77243\tMSFT\n2015-08-2614:58:00\t8023\tGOOG\n2015-08-2614:59:00\t102465\tMSFT\n2015-08-2614:59:00\t10896\tGOOG\n2015-08-2614:59:00\t164895\tAAPL\n2015-08-2614:59:00\t28679\tORCL\n2015-08-2614:59:00\t300\tHDP\n2015-08-2615:00:00\t1000\tHDP\n2015-08-2615:00:00\t129757\tAAPL\n2015-08-2615:00:00\t134192\tORCL\n2015-08-2615:00:00\t2861\tGOOG\n2015-08-2615:00:00\t89358\tMSFT\n2015-08-2615:01:00\t11538\tGOOG\n2015-08-2615:01:00\t119837\tORCL\n2015-08-2615:01:00\t120575\tMSFT\n2015-08-2615:01:00\t241780\tAAPL\n2015-08-2615:02:00\t111735\tORCL\n2015-08-2615:02:00\t200863\tAAPL\n2015-08-2615:02:00\t300\tHDP\n2015-08-2615:02:00\t6915\tGOOG\n2015-08-2615:02:00\t70935\tMSFT\n2015-08-2615:03:00\t1100\tHDP\n2015-08-2615:03:00\t144060\tAAPL\n2015-08-2615:03:00\t5197\tGOOG\n2015-08-2615:03:00\t52345\tMSFT\n2015-08-2615:03:00\t79420\tORCL\n2015-08-2615:04:00\t113397\tORCL\n2015-08-2615:04:00\t154069\tAAPL\n2015-08-2615:04:00\t200\tHDP\n2015-08-2615:04:00\t4950\tGOOG\n2015-08-2615:04:00\t84311\tMSFT\n2015-08-2615:05:00\t1018\tGOOG\n2015-08-2615:05:00\t126279\tORCL\n2015-08-2615:05:00\t190667\tAAPL\n2015-08-2615:05:00\t200\tHDP\n2015-08-2615:05:00\t85166\tMSFT\n2015-08-2615:06:00\t123983\tAAPL\n2015-08-2615:06:00\t1500\tGOOG\n2015-08-2615:06:00\t55717\tORCL\n2015-08-2615:06:00\t80623\tMSFT\n2015-08-2615:07:00\t100\tHDP\n2015-08-2615:07:00\t102863\tMSFT\n2015-08-2615:07:00\t120760\tAAPL\n2015-08-2615:07:00\t31493\tORCL\n2015-08-2615:07:00\t6608\tGOOG\n2015-08-2615:08:00\t1287\tGOOG\n2015-08-2615:08:00\t20157\tORCL\n2015-08-2615:08:00\t60388\tMSFT\n2015-08-2615:08:00\t700\tHDP\n2015-08-2615:08:00\t93233\tAAPL\n2015-08-2615:09:00\t109082\tAAPL\n2015-08-2615:09:00\t1950\tHDP\n2015-08-2615:09:00\t22105\tORCL\n2015-08-2615:09:00\t2464\tGOOG\n2015-08-2615:09:00\t51777\tMSFT\n2015-08-2615:10:00\t122427\tMSFT\n2015-08-2615:10:00\t1300\tHDP\n2015-08-2615:10:00\t251604\tAAPL\n2015-08-2615:10:00\t43607\tORCL\n2015-08-2615:10:00\t9331\tGOOG\n2015-08-2615:11:00\t118195\tAAPL\n2015-08-2615:11:00\t17205\tORCL\n2015-08-2615:11:00\t4969\tGOOG\n2015-08-2615:11:00\t500\tHDP\n2015-08-2615:11:00\t85485\tMSFT\n2015-08-2615:12:00\t12091\tHDP\n2015-08-2615:12:00\t123699\tAAPL\n2015-08-2615:12:00\t14757\tORCL\n2015-08-2615:12:00\t3910\tGOOG\n2015-08-2615:12:00\t67700\tMSFT\n2015-08-2615:13:00\t154345\tAAPL\n2015-08-2615:13:00\t300\tHDP\n2015-08-2615:13:00\t59512\tORCL\n2015-08-2615:13:00\t7756\tGOOG\n2015-08-2615:13:00\t92481\tMSFT\n2015-08-2615:14:00\t102204\tMSFT\n2015-08-2615:14:00\t232983\tAAPL\n2015-08-2615:14:00\t3801\tGOOG\n2015-08-2615:14:00\t700\tHDP\n2015-08-2615:14:00\t94243\tORCL\n2015-08-2615:15:00\t145352\tAAPL\n2015-08-2615:15:00\t200\tHDP\n2015-08-2615:15:00\t59129\tORCL\n2015-08-2615:15:00\t6141\tGOOG\n2015-08-2615:15:00\t79917\tMSFT\n2015-08-2615:16:00\t189851\tAAPL\n2015-08-2615:16:00\t300\tHDP\n2015-08-2615:16:00\t4065\tGOOG\n2015-08-2615:16:00\t80654\tORCL\n2015-08-2615:16:00\t98307\tMSFT\n2015-08-2615:17:00\t111106\tAAPL\n2015-08-2615:17:00\t2100\tGOOG\n2015-08-2615:17:00\t300\tHDP\n2015-08-2615:17:00\t40951\tORCL\n2015-08-2615:17:00\t67172\tMSFT\n2015-08-2615:18:00\t2000\tHDP\n2015-08-2615:18:00\t3901\tGOOG\n2015-08-2615:18:00\t80090\tORCL\n2015-08-2615:18:00\t80807\tMSFT\n2015-08-2615:18:00\t94805\tAAPL\n2015-08-2615:19:00\t2950\tGOOG\n2015-08-2615:19:00\t37165\tORCL\n2015-08-2615:19:00\t52128\tMSFT\n2015-08-2615:19:00\t95244\tAAPL\n2015-08-2615:20:00\t123364\tAAPL\n2015-08-2615:20:00\t1844\tHDP\n2015-08-2615:20:00\t29374\tORCL\n2015-08-2615:20:00\t4361\tGOOG\n2015-08-2615:20:00\t82105\tMSFT\n2015-08-2615:21:00\t134546\tMSFT\n2015-08-2615:21:00\t164137\tAAPL\n2015-08-2615:21:00\t40480\tORCL\n2015-08-2615:21:00\t7966\tGOOG\n2015-08-2615:22:00\t123830\tAAPL\n2015-08-2615:22:00\t35724\tORCL\n2015-08-2615:22:00\t4767\tGOOG\n2015-08-2615:22:00\t700\tHDP\n2015-08-2615:22:00\t76020\tMSFT\n2015-08-2615:23:00\t105820\tAAPL\n2015-08-2615:23:00\t141624\tMSFT\n2015-08-2615:23:00\t19662\tORCL\n2015-08-2615:23:00\t4208\tGOOG\n2015-08-2615:24:00\t137789\tAAPL\n2015-08-2615:24:00\t237502\tMSFT\n2015-08-2615:24:00\t2500\tHDP\n2015-08-2615:24:00\t30474\tORCL\n2015-08-2615:24:00\t4680\tGOOG\n2015-08-2615:25:00\t135997\tAAPL\n2015-08-2615:25:00\t400\tHDP\n2015-08-2615:25:00\t5502\tGOOG\n2015-08-2615:25:00\t55353\tORCL\n2015-08-2615:25:00\t59351\tMSFT\n2015-08-2615:26:00\t135472\tAAPL\n2015-08-2615:26:00\t29184\tORCL\n2015-08-2615:26:00\t4810\tGOOG\n2015-08-2615:26:00\t78640\tMSFT\n2015-08-2615:27:00\t185408\tAAPL\n2015-08-2615:27:00\t26990\tORCL\n2015-08-2615:27:00\t3100\tGOOG\n2015-08-2615:27:00\t400\tHDP\n2015-08-2615:27:00\t68265\tMSFT\n2015-08-2615:28:00\t146601\tAAPL\n2015-08-2615:28:00\t21716\tORCL\n2015-08-2615:28:00\t4764\tGOOG\n2015-08-2615:28:00\t500\tHDP\n2015-08-2615:28:00\t55666\tMSFT\n2015-08-2615:29:00\t106642\tAAPL\n2015-08-2615:29:00\t120671\tMSFT\n2015-08-2615:29:00\t2200\tGOOG\n2015-08-2615:29:00\t24190\tORCL\n2015-08-2615:30:00\t133307\tAAPL\n2015-08-2615:30:00\t200\tHDP\n2015-08-2615:30:00\t32079\tORCL\n2015-08-2615:30:00\t4360\tGOOG\n2015-08-2615:30:00\t95252\tMSFT\n2015-08-2615:31:00\t27626\tORCL\n2015-08-2615:31:00\t300\tHDP\n2015-08-2615:31:00\t42230\tMSFT\n2015-08-2615:31:00\t4700\tGOOG\n2015-08-2615:31:00\t90322\tAAPL\n2015-08-2615:32:00\t110223\tAAPL\n2015-08-2615:32:00\t2189\tGOOG\n2015-08-2615:32:00\t54352\tMSFT\n2015-08-2615:32:00\t71309\tORCL\n2015-08-2615:33:00\t100305\tMSFT\n2015-08-2615:33:00\t218989\tAAPL\n2015-08-2615:33:00\t3950\tGOOG\n2015-08-2615:33:00\t40196\tORCL\n2015-08-2615:33:00\t500\tHDP\n2015-08-2615:34:00\t150819\tMSFT\n2015-08-2615:34:00\t380471\tAAPL\n2015-08-2615:34:00\t44468\tORCL\n2015-08-2615:34:00\t7100\tHDP\n2015-08-2615:34:00\t9189\tGOOG\n2015-08-2615:35:00\t100\tHDP\n2015-08-2615:35:00\t119471\tMSFT\n2015-08-2615:35:00\t186440\tAAPL\n2015-08-2615:35:00\t33057\tORCL\n2015-08-2615:35:00\t4864\tGOOG\n2015-08-2615:36:00\t10450\tGOOG\n2015-08-2615:36:00\t148599\tMSFT\n2015-08-2615:36:00\t300\tHDP\n2015-08-2615:36:00\t326508\tAAPL\n2015-08-2615:36:00\t36803\tORCL\n2015-08-2615:37:00\t185110\tAAPL\n2015-08-2615:37:00\t2849\tGOOG\n2015-08-2615:37:00\t42233\tORCL\n2015-08-2615:37:00\t75766\tMSFT\n2015-08-2615:38:00\t114878\tAAPL\n2015-08-2615:38:00\t12690\tORCL\n2015-08-2615:38:00\t200\tHDP\n2015-08-2615:38:00\t3195\tGOOG\n2015-08-2615:38:00\t58469\tMSFT\n2015-08-2615:39:00\t16775\tORCL\n2015-08-2615:39:00\t236687\tAAPL\n2015-08-2615:39:00\t242952\tMSFT\n2015-08-2615:39:00\t6529\tGOOG\n2015-08-2615:40:00\t211186\tMSFT\n2015-08-2615:40:00\t230721\tAAPL\n2015-08-2615:40:00\t2620\tGOOG\n2015-08-2615:40:00\t34531\tORCL\n2015-08-2615:40:00\t7100\tHDP\n2015-08-2615:41:00\t134607\tORCL\n2015-08-2615:41:00\t349115\tAAPL\n2015-08-2615:41:00\t369651\tMSFT\n2015-08-2615:41:00\t4200\tHDP\n2015-08-2615:41:00\t7549\tGOOG\n2015-08-2615:42:00\t2719\tGOOG\n2015-08-2615:42:00\t274986\tMSFT\n2015-08-2615:42:00\t303400\tAAPL\n2015-08-2615:42:00\t700\tHDP\n2015-08-2615:42:00\t82107\tORCL\n2015-08-2615:43:00\t155861\tAAPL\n2015-08-2615:43:00\t2642\tGOOG\n2015-08-2615:43:00\t52284\tORCL\n2015-08-2615:43:00\t80030\tMSFT\n2015-08-2615:44:00\t140188\tAAPL\n2015-08-2615:44:00\t3632\tGOOG\n2015-08-2615:44:00\t500\tHDP\n2015-08-2615:44:00\t58230\tORCL\n2015-08-2615:44:00\t73428\tMSFT\n2015-08-2615:45:00\t203243\tAAPL\n2015-08-2615:45:00\t2900\tHDP\n2015-08-2615:45:00\t53793\tORCL\n2015-08-2615:45:00\t67027\tMSFT\n2015-08-2615:45:00\t7455\tGOOG\n2015-08-2615:46:00\t152143\tAAPL\n2015-08-2615:46:00\t16803\tMSFT\n2015-08-2615:46:00\t200\tHDP\n2015-08-2615:46:00\t31017\tORCL\n2015-08-2615:46:00\t3900\tGOOG\n2015-08-2615:47:00\t207961\tAAPL\n2015-08-2615:47:00\t271098\tMSFT\n2015-08-2615:47:00\t41220\tORCL\n2015-08-2615:47:00\t600\tHDP\n2015-08-2615:47:00\t6922\tGOOG\n2015-08-2615:48:00\t100834\tAAPL\n2015-08-2615:48:00\t1014\tHDP\n2015-08-2615:48:00\t2150\tGOOG\n2015-08-2615:48:00\t33082\tORCL\n2015-08-2615:48:00\t64830\tMSFT\n2015-08-2615:49:00\t148510\tAAPL\n2015-08-2615:49:00\t1700\tHDP\n2015-08-2615:49:00\t4774\tGOOG\n2015-08-2615:49:00\t53630\tORCL\n2015-08-2615:49:00\t72874\tMSFT\n2015-08-2615:50:00\t145314\tAAPL\n2015-08-2615:50:00\t1500\tHDP\n2015-08-2615:50:00\t51204\tORCL\n2015-08-2615:50:00\t5239\tGOOG\n2015-08-2615:50:00\t67587\tMSFT\n2015-08-2615:51:00\t172937\tAAPL\n2015-08-2615:51:00\t3900\tHDP\n2015-08-2615:51:00\t48886\tORCL\n2015-08-2615:51:00\t5167\tGOOG\n2015-08-2615:51:00\t53808\tMSFT\n2015-08-2615:52:00\t1100\tHDP\n2015-08-2615:52:00\t132907\tAAPL\n2015-08-2615:52:00\t4904\tGOOG\n2015-08-2615:52:00\t63419\tMSFT\n2015-08-2615:52:00\t87885\tORCL\n2015-08-2615:53:00\t117725\tORCL\n2015-08-2615:53:00\t125348\tAAPL\n2015-08-2615:53:00\t1700\tHDP\n2015-08-2615:53:00\t3500\tGOOG\n2015-08-2615:53:00\t75100\tMSFT\n2015-08-2615:54:00\t104834\tAAPL\n2015-08-2615:54:00\t3900\tGOOG\n2015-08-2615:54:00\t41709\tMSFT\n2015-08-2615:54:00\t87724\tORCL\n2015-08-2615:54:00\t900\tHDP\n2015-08-2615:55:00\t113659\tAAPL\n2015-08-2615:55:00\t1700\tHDP\n2015-08-2615:55:00\t3000\tGOOG\n2015-08-2615:55:00\t46847\tORCL\n2015-08-2615:55:00\t67488\tMSFT\n2015-08-2615:56:00\t2162\tHDP\n2015-08-2615:56:00\t34788\tORCL\n2015-08-2615:56:00\t53083\tMSFT\n2015-08-2615:56:00\t8000\tGOOG\n2015-08-2615:56:00\t86889\tAAPL\n2015-08-2615:57:00\t104490\tORCL\n2015-08-2615:57:00\t151114\tAAPL\n2015-08-2615:57:00\t2000\tHDP\n2015-08-2615:57:00\t3863\tGOOG\n2015-08-2615:57:00\t42900\tMSFT\n2015-08-2615:58:00\t24579\tORCL\n2015-08-2615:58:00\t32916\tMSFT\n2015-08-2615:58:00\t800\tGOOG\n2015-08-2615:58:00\t96764\tAAPL\n2015-08-2615:59:00\t120876\tAAPL\n2015-08-2615:59:00\t1691\tGOOG\n2015-08-2615:59:00\t34778\tMSFT\n2015-08-2615:59:00\t49474\tORCL\n2015-08-2615:59:00\t900\tHDP\n2015-08-2616:00:00\t100\tHDP\n2015-08-2616:00:00\t117484\tAAPL\n2015-08-2616:00:00\t47956\tMSFT\n2015-08-2616:00:00\t76454\tORCL\n2015-08-2616:00:00\t900\tGOOG\n2015-08-2616:01:00\t112504\tAAPL\n2015-08-2616:01:00\t3110\tGOOG\n2015-08-2616:01:00\t41047\tORCL\n2015-08-2616:01:00\t50089\tMSFT\n2015-08-2616:01:00\t600\tHDP\n2015-08-2616:02:00\t116948\tAAPL\n2015-08-2616:02:00\t20101\tMSFT\n2015-08-2616:02:00\t2885\tGOOG\n2015-08-2616:02:00\t47287\tORCL\n2015-08-2616:03:00\t142325\tAAPL\n2015-08-2616:03:00\t1675\tGOOG\n2015-08-2616:03:00\t400\tHDP\n2015-08-2616:03:00\t40309\tMSFT\n2015-08-2616:03:00\t48008\tORCL\n2015-08-2616:04:00\t105006\tAAPL\n2015-08-2616:04:00\t200\tHDP\n2015-08-2616:04:00\t26396\tORCL\n2015-08-2616:04:00\t3350\tGOOG\n2015-08-2616:04:00\t60011\tMSFT\n2015-08-2616:05:00\t100\tHDP\n2015-08-2616:05:00\t126273\tAAPL\n2015-08-2616:05:00\t2911\tGOOG\n2015-08-2616:05:00\t42694\tMSFT\n2015-08-2616:05:00\t52369\tORCL\n2015-08-2616:06:00\t100\tHDP\n2015-08-2616:06:00\t138392\tAAPL\n2015-08-2616:06:00\t33285\tORCL\n2015-08-2616:06:00\t3370\tGOOG\n2015-08-2616:06:00\t66994\tMSFT\n2015-08-2616:07:00\t1000\tHDP\n2015-08-2616:07:00\t148704\tAAPL\n2015-08-2616:07:00\t1900\tGOOG\n2015-08-2616:07:00\t19206\tORCL\n2015-08-2616:07:00\t30247\tMSFT\n2015-08-2616:08:00\t170505\tORCL\n2015-08-2616:08:00\t180186\tAAPL\n2015-08-2616:08:00\t2900\tGOOG\n2015-08-2616:08:00\t88083\tMSFT\n2015-08-2616:09:00\t124449\tAAPL\n2015-08-2616:09:00\t26896\tORCL\n2015-08-2616:09:00\t4905\tGOOG\n2015-08-2616:09:00\t99244\tMSFT\n2015-08-2616:10:00\t114129\tMSFT\n2015-08-2616:10:00\t1203\tGOOG\n2015-08-2616:10:00\t1500\tHDP\n2015-08-2616:10:00\t29222\tORCL\n2015-08-2616:10:00\t94580\tAAPL\n2015-08-2616:11:00\t1300\tGOOG\n2015-08-2616:11:00\t200\tHDP\n2015-08-2616:11:00\t29225\tORCL\n2015-08-2616:11:00\t42414\tMSFT\n2015-08-2616:11:00\t83762\tAAPL\n2015-08-2616:12:00\t1200\tHDP\n2015-08-2616:12:00\t35172\tORCL\n2015-08-2616:12:00\t48584\tMSFT\n2015-08-2616:12:00\t5250\tGOOG\n2015-08-2616:12:00\t95787\tAAPL\n2015-08-2616:13:00\t100\tHDP\n2015-08-2616:13:00\t18941\tORCL\n2015-08-2616:13:00\t2210\tGOOG\n2015-08-2616:13:00\t28651\tMSFT\n2015-08-2616:13:00\t90706\tAAPL\n2015-08-2616:14:00\t100\tHDP\n2015-08-2616:14:00\t101846\tAAPL\n2015-08-2616:14:00\t16114\tORCL\n2015-08-2616:14:00\t2520\tGOOG\n2015-08-2616:14:00\t65598\tMSFT\n2015-08-2616:15:00\t100\tHDP\n2015-08-2616:15:00\t107242\tAAPL\n2015-08-2616:15:00\t2075\tGOOG\n2015-08-2616:15:00\t45931\tORCL\n2015-08-2616:15:00\t67907\tMSFT\n2015-08-2616:16:00\t200\tHDP\n2015-08-2616:16:00\t400\tGOOG\n2015-08-2616:16:00\t45867\tORCL\n2015-08-2616:16:00\t53464\tMSFT\n2015-08-2616:16:00\t80306\tAAPL\n2015-08-2616:17:00\t100\tHDP\n2015-08-2616:17:00\t135137\tAAPL\n2015-08-2616:17:00\t1900\tGOOG\n2015-08-2616:17:00\t279860\tORCL\n2015-08-2616:17:00\t81872\tMSFT\n2015-08-2616:18:00\t1922\tHDP\n2015-08-2616:18:00\t329573\tAAPL\n2015-08-2616:18:00\t7027\tGOOG\n2015-08-2616:18:00\t91485\tORCL\n2015-08-2616:18:00\t93243\tMSFT\n2015-08-2616:19:00\t111056\tAAPL\n2015-08-2616:19:00\t29264\tORCL\n2015-08-2616:19:00\t300\tHDP\n2015-08-2616:19:00\t36194\tMSFT\n2015-08-2616:19:00\t5200\tGOOG\n2015-08-2616:20:00\t1300\tGOOG\n2015-08-2616:20:00\t200\tHDP\n2015-08-2616:20:00\t31775\tORCL\n2015-08-2616:20:00\t53704\tMSFT\n2015-08-2616:20:00\t92295\tAAPL\n2015-08-2616:21:00\t102130\tORCL\n2015-08-2616:21:00\t1200\tHDP\n2015-08-2616:21:00\t137884\tMSFT\n2015-08-2616:21:00\t175213\tAAPL\n2015-08-2616:21:00\t3151\tGOOG\n2015-08-2616:22:00\t100\tHDP\n2015-08-2616:22:00\t125966\tAAPL\n2015-08-2616:22:00\t2392\tGOOG\n2015-08-2616:22:00\t26483\tORCL\n2015-08-2616:22:00\t39605\tMSFT\n2015-08-2616:23:00\t100\tHDP\n2015-08-2616:23:00\t25227\tORCL\n2015-08-2616:23:00\t2850\tGOOG\n2015-08-2616:23:00\t57969\tMSFT\n2015-08-2616:23:00\t68220\tAAPL\n2015-08-2616:24:00\t125578\tAAPL\n2015-08-2616:24:00\t16786\tORCL\n2015-08-2616:24:00\t4024\tGOOG\n2015-08-2616:24:00\t62004\tMSFT\n2015-08-2616:24:00\t900\tHDP\n2015-08-2616:25:00\t100\tHDP\n2015-08-2616:25:00\t134487\tAAPL\n2015-08-2616:25:00\t16030\tORCL\n2015-08-2616:25:00\t4759\tGOOG\n2015-08-2616:25:00\t88975\tMSFT\n2015-08-2616:26:00\t110891\tAAPL\n2015-08-2616:26:00\t12583\tORCL\n2015-08-2616:26:00\t1450\tHDP\n2015-08-2616:26:00\t2904\tGOOG\n2015-08-2616:26:00\t32288\tMSFT\n2015-08-2616:27:00\t143057\tAAPL\n2015-08-2616:27:00\t19114\tORCL\n2015-08-2616:27:00\t200\tHDP\n2015-08-2616:27:00\t6925\tGOOG\n2015-08-2616:27:00\t96127\tMSFT\n2015-08-2616:28:00\t100\tHDP\n2015-08-2616:28:00\t118206\tAAPL\n2015-08-2616:28:00\t22305\tORCL\n2015-08-2616:28:00\t3935\tGOOG\n2015-08-2616:28:00\t89897\tMSFT\n2015-08-2616:29:00\t105469\tAAPL\n2015-08-2616:29:00\t40490\tORCL\n2015-08-2616:29:00\t6639\tGOOG\n2015-08-2616:29:00\t90506\tMSFT\n2015-08-2616:30:00\t100\tHDP\n2015-08-2616:30:00\t15739\tORCL\n2015-08-2616:30:00\t34443\tMSFT\n2015-08-2616:30:00\t7579\tGOOG\n2015-08-2616:30:00\t93246\tAAPL\n2015-08-2616:31:00\t1200\tHDP\n2015-08-2616:31:00\t200846\tMSFT\n2015-08-2616:31:00\t221157\tAAPL\n2015-08-2616:31:00\t33067\tORCL\n2015-08-2616:31:00\t7454\tGOOG\n2015-08-2616:32:00\t121880\tMSFT\n2015-08-2616:32:00\t154795\tAAPL\n2015-08-2616:32:00\t24834\tORCL\n2015-08-2616:32:00\t3762\tGOOG\n2015-08-2616:33:00\t3761\tGOOG\n2015-08-2616:33:00\t45776\tMSFT\n2015-08-2616:33:00\t7341\tORCL\n2015-08-2616:33:00\t96988\tAAPL\n2015-08-2616:34:00\t125086\tMSFT\n2015-08-2616:34:00\t176215\tAAPL\n2015-08-2616:34:00\t2400\tGOOG\n2015-08-2616:34:00\t26349\tORCL\n2015-08-2616:35:00\t112124\tMSFT\n2015-08-2616:35:00\t138025\tAAPL\n2015-08-2616:35:00\t44063\tORCL\n2015-08-2616:35:00\t500\tHDP\n2015-08-2616:35:00\t7050\tGOOG\n2015-08-2616:36:00\t118334\tAAPL\n2015-08-2616:36:00\t15690\tORCL\n2015-08-2616:36:00\t1665\tGOOG\n2015-08-2616:36:00\t200\tHDP\n2015-08-2616:36:00\t43718\tMSFT\n2015-08-2616:37:00\t11886\tORCL\n2015-08-2616:37:00\t132084\tAAPL\n2015-08-2616:37:00\t81871\tMSFT\n2015-08-2616:37:00\t972\tGOOG\n2015-08-2616:38:00\t100\tHDP\n2015-08-2616:38:00\t117361\tMSFT\n2015-08-2616:38:00\t192224\tAAPL\n2015-08-2616:38:00\t2498\tGOOG\n2015-08-2616:38:00\t31038\tORCL\n2015-08-2616:39:00\t10114\tORCL\n2015-08-2616:39:00\t149045\tMSFT\n2015-08-2616:39:00\t3132\tGOOG\n2015-08-2616:39:00\t80567\tAAPL\n2015-08-2616:40:00\t1100\tHDP\n2015-08-2616:40:00\t123884\tMSFT\n2015-08-2616:40:00\t13195\tORCL\n2015-08-2616:40:00\t155609\tAAPL\n2015-08-2616:40:00\t1650\tGOOG\n2015-08-2616:41:00\t175039\tAAPL\n2015-08-2616:41:00\t17753\tORCL\n2015-08-2616:41:00\t2096\tGOOG\n2015-08-2616:41:00\t600\tHDP\n2015-08-2616:41:00\t89703\tMSFT\n2015-08-2616:42:00\t101232\tMSFT\n2015-08-2616:42:00\t10150\tORCL\n2015-08-2616:42:00\t161329\tAAPL\n2015-08-2616:42:00\t4100\tHDP\n2015-08-2616:42:00\t4300\tGOOG\n2015-08-2616:43:00\t1300\tGOOG\n2015-08-2616:43:00\t2900\tHDP\n2015-08-2616:43:00\t62698\tMSFT\n2015-08-2616:43:00\t8248\tORCL\n2015-08-2616:43:00\t96531\tAAPL\n2015-08-2616:44:00\t151366\tMSFT\n2015-08-2616:44:00\t1600\tHDP\n2015-08-2616:44:00\t2600\tGOOG\n2015-08-2616:44:00\t32225\tORCL\n2015-08-2616:44:00\t69122\tAAPL\n2015-08-2616:45:00\t14390\tORCL\n2015-08-2616:45:00\t203588\tAAPL\n2015-08-2616:45:00\t300\tHDP\n2015-08-2616:45:00\t46045\tMSFT\n2015-08-2616:45:00\t7883\tGOOG\n2015-08-2616:46:00\t141701\tAAPL\n2015-08-2616:46:00\t200\tHDP\n2015-08-2616:46:00\t2999\tGOOG\n2015-08-2616:46:00\t31026\tORCL\n2015-08-2616:46:00\t71715\tMSFT\n2015-08-2616:47:00\t132740\tAAPL\n2015-08-2616:47:00\t14753\tORCL\n2015-08-2616:47:00\t1800\tHDP\n2015-08-2616:47:00\t4650\tGOOG\n2015-08-2616:47:00\t85954\tMSFT\n2015-08-2616:48:00\t100\tHDP\n2015-08-2616:48:00\t11451\tORCL\n2015-08-2616:48:00\t6057\tGOOG\n2015-08-2616:48:00\t61421\tMSFT\n2015-08-2616:48:00\t70810\tAAPL\n2015-08-2616:49:00\t10950\tHDP\n2015-08-2616:49:00\t179990\tAAPL\n2015-08-2616:49:00\t50016\tMSFT\n2015-08-2616:49:00\t78851\tORCL\n2015-08-2616:49:00\t8640\tGOOG\n2015-08-2616:50:00\t163814\tAAPL\n2015-08-2616:50:00\t200\tHDP\n2015-08-2616:50:00\t23217\tORCL\n2015-08-2616:50:00\t46633\tMSFT\n2015-08-2616:50:00\t9385\tGOOG\n2015-08-2616:51:00\t126495\tAAPL\n2015-08-2616:51:00\t26639\tORCL\n2015-08-2616:51:00\t4653\tGOOG\n2015-08-2616:51:00\t55787\tMSFT\n2015-08-2616:52:00\t1092\tGOOG\n2015-08-2616:52:00\t159756\tAAPL\n2015-08-2616:52:00\t22138\tORCL\n2015-08-2616:52:00\t41667\tMSFT\n2015-08-2616:52:00\t500\tHDP\n2015-08-2616:53:00\t102613\tAAPL\n2015-08-2616:53:00\t1202\tGOOG\n2015-08-2616:53:00\t21265\tORCL\n2015-08-2616:53:00\t2400\tHDP\n2015-08-2616:53:00\t65946\tMSFT\n2015-08-2616:54:00\t118924\tAAPL\n2015-08-2616:54:00\t28654\tORCL\n2015-08-2616:54:00\t3140\tGOOG\n2015-08-2616:54:00\t600\tHDP\n2015-08-2616:54:00\t71025\tMSFT\n2015-08-2616:55:00\t1300\tHDP\n2015-08-2616:55:00\t172155\tAAPL\n2015-08-2616:55:00\t29527\tORCL\n2015-08-2616:55:00\t29673\tMSFT\n2015-08-2616:55:00\t3810\tGOOG\n2015-08-2616:56:00\t162434\tAAPL\n2015-08-2616:56:00\t16935\tORCL\n2015-08-2616:56:00\t300\tHDP\n2015-08-2616:56:00\t7035\tGOOG\n2015-08-2616:56:00\t75454\tMSFT\n2015-08-2616:57:00\t130820\tAAPL\n2015-08-2616:57:00\t2599\tHDP\n2015-08-2616:57:00\t42733\tMSFT\n"
      },
      "dateCreated": "Sep 16, 2015 12:43:46 AM",
      "dateStarted": "Sep 16, 2015 6:21:39 AM",
      "dateFinished": "Sep 16, 2015 6:21:40 AM",
      "status": "FINISHED",
      "progressUpdateIntervalMs": 500
    },
    {
      "title": "Visualize stock highs Across Stocks",
      "text": "%phoenix\nselect date||time timestamp, high, SYMBOL from PRICES  group by timestamp, high, SYMBOL ",
      "dateUpdated": "Sep 16, 2015 6:21:43 AM",
      "config": {
        "colWidth": 12.0,
        "graph": {
          "mode": "stackedAreaChart",
          "height": 300.0,
          "optionOpen": false,
          "keys": [
            {
              "name": "TIMESTAMP",
              "index": 0.0,
              "aggr": "sum"
            }
          ],
          "values": [
            {
              "name": "HIGH",
              "index": 1.0,
              "aggr": "avg"
            }
          ],
          "groups": [
            {
              "name": "SYMBOL",
              "index": 2.0,
              "aggr": "sum"
            }
          ],
          "scatter": {
            "xAxis": {
              "name": "TIMESTAMP",
              "index": 0.0,
              "aggr": "sum"
            },
            "yAxis": {
              "name": "HIGH",
              "index": 1.0,
              "aggr": "sum"
            }
          }
        },
        "title": true,
        "editorMode": "ace/mode/scala"
      },
      "settings": {
        "params": {},
        "forms": {}
      },
      "jobName": "paragraph_1442364319003_-1406410603",
      "id": "20150916-004519_1639852573",
      "result": {
        "code": "SUCCESS",
        "type": "TABLE",
        "msg": "TIMESTAMP\tHIGH\tSYMBOL\n2015-08-2613:30:00\t107.19\tAAPL\n2015-08-2613:30:00\t23.81\tHDP\n2015-08-2613:30:00\t36.06\tORCL\n2015-08-2613:30:00\t42.02\tMSFT\n2015-08-2613:30:00\t610.35\tGOOG\n2015-08-2613:31:00\t107.49\tAAPL\n2015-08-2613:31:00\t24.11\tHDP\n2015-08-2613:31:00\t36.24\tORCL\n2015-08-2613:31:00\t41.96\tMSFT\n2015-08-2613:31:00\t615.89\tGOOG\n2015-08-2613:32:00\t107.15\tAAPL\n2015-08-2613:32:00\t23.52\tHDP\n2015-08-2613:32:00\t36.23\tORCL\n2015-08-2613:32:00\t41.73\tMSFT\n2015-08-2613:32:00\t615.90\tGOOG\n2015-08-2613:33:00\t107.80\tAAPL\n2015-08-2613:33:00\t23.49\tHDP\n2015-08-2613:33:00\t36.44\tORCL\n2015-08-2613:33:00\t41.82\tMSFT\n2015-08-2613:33:00\t615.71\tGOOG\n2015-08-2613:34:00\t108.18\tAAPL\n2015-08-2613:34:00\t23.50\tHDP\n2015-08-2613:34:00\t36.66\tORCL\n2015-08-2613:34:00\t41.85\tMSFT\n2015-08-2613:34:00\t615.73\tGOOG\n2015-08-2613:35:00\t108.33\tAAPL\n2015-08-2613:35:00\t23.51\tHDP\n2015-08-2613:35:00\t36.47\tORCL\n2015-08-2613:35:00\t41.74\tMSFT\n2015-08-2613:35:00\t613.35\tGOOG\n2015-08-2613:36:00\t107.88\tAAPL\n2015-08-2613:36:00\t23.49\tHDP\n2015-08-2613:36:00\t36.37\tORCL\n2015-08-2613:36:00\t41.63\tMSFT\n2015-08-2613:36:00\t614.86\tGOOG\n2015-08-2613:37:00\t107.58\tAAPL\n2015-08-2613:37:00\t23.40\tHDP\n2015-08-2613:37:00\t36.35\tORCL\n2015-08-2613:37:00\t41.65\tMSFT\n2015-08-2613:37:00\t612.40\tGOOG\n2015-08-2613:38:00\t107.24\tAAPL\n2015-08-2613:38:00\t23.42\tHDP\n2015-08-2613:38:00\t36.31\tORCL\n2015-08-2613:38:00\t41.60\tMSFT\n2015-08-2613:38:00\t611.46\tGOOG\n2015-08-2613:39:00\t107.25\tAAPL\n2015-08-2613:39:00\t23.50\tHDP\n2015-08-2613:39:00\t36.35\tORCL\n2015-08-2613:39:00\t41.58\tMSFT\n2015-08-2613:39:00\t612.00\tGOOG\n2015-08-2613:40:00\t107.34\tAAPL\n2015-08-2613:40:00\t23.52\tHDP\n2015-08-2613:40:00\t36.33\tORCL\n2015-08-2613:40:00\t41.64\tMSFT\n2015-08-2613:40:00\t612.06\tGOOG\n2015-08-2613:41:00\t107.56\tAAPL\n2015-08-2613:41:00\t23.38\tHDP\n2015-08-2613:41:00\t36.34\tORCL\n2015-08-2613:41:00\t41.61\tMSFT\n2015-08-2613:41:00\t613.00\tGOOG\n2015-08-2613:42:00\t107.19\tAAPL\n2015-08-2613:42:00\t23.37\tHDP\n2015-08-2613:42:00\t36.31\tORCL\n2015-08-2613:42:00\t41.58\tMSFT\n2015-08-2613:42:00\t613.67\tGOOG\n2015-08-2613:43:00\t107.04\tAAPL\n2015-08-2613:43:00\t23.14\tHDP\n2015-08-2613:43:00\t36.16\tORCL\n2015-08-2613:43:00\t41.49\tMSFT\n2015-08-2613:43:00\t611.36\tGOOG\n2015-08-2613:44:00\t107.15\tAAPL\n2015-08-2613:44:00\t36.18\tORCL\n2015-08-2613:44:00\t41.48\tMSFT\n2015-08-2613:44:00\t611.48\tGOOG\n2015-08-2613:45:00\t106.88\tAAPL\n2015-08-2613:45:00\t23.30\tHDP\n2015-08-2613:45:00\t36.13\tORCL\n2015-08-2613:45:00\t41.56\tMSFT\n2015-08-2613:45:00\t610.55\tGOOG\n2015-08-2613:46:00\t106.99\tAAPL\n2015-08-2613:46:00\t23.24\tHDP\n2015-08-2613:46:00\t36.13\tORCL\n2015-08-2613:46:00\t41.62\tMSFT\n2015-08-2613:46:00\t609.52\tGOOG\n2015-08-2613:47:00\t107.31\tAAPL\n2015-08-2613:47:00\t23.26\tHDP\n2015-08-2613:47:00\t36.27\tORCL\n2015-08-2613:47:00\t41.74\tMSFT\n2015-08-2613:47:00\t612.80\tGOOG\n2015-08-2613:48:00\t107.24\tAAPL\n2015-08-2613:48:00\t23.30\tHDP\n2015-08-2613:48:00\t36.22\tORCL\n2015-08-2613:48:00\t41.72\tMSFT\n2015-08-2613:48:00\t613.00\tGOOG\n2015-08-2613:49:00\t107.44\tAAPL\n2015-08-2613:49:00\t23.32\tHDP\n2015-08-2613:49:00\t36.23\tORCL\n2015-08-2613:49:00\t41.68\tMSFT\n2015-08-2613:49:00\t613.77\tGOOG\n2015-08-2613:50:00\t107.31\tAAPL\n2015-08-2613:50:00\t23.28\tHDP\n2015-08-2613:50:00\t36.23\tORCL\n2015-08-2613:50:00\t41.66\tMSFT\n2015-08-2613:50:00\t613.00\tGOOG\n2015-08-2613:51:00\t107.31\tAAPL\n2015-08-2613:51:00\t36.22\tORCL\n2015-08-2613:51:00\t41.67\tMSFT\n2015-08-2613:51:00\t614.54\tGOOG\n2015-08-2613:52:00\t107.18\tAAPL\n2015-08-2613:52:00\t23.11\tHDP\n2015-08-2613:52:00\t36.20\tORCL\n2015-08-2613:52:00\t41.59\tMSFT\n2015-08-2613:52:00\t613.71\tGOOG\n2015-08-2613:53:00\t107.10\tAAPL\n2015-08-2613:53:00\t23.03\tHDP\n2015-08-2613:53:00\t36.19\tORCL\n2015-08-2613:53:00\t41.59\tMSFT\n2015-08-2613:53:00\t612.55\tGOOG\n2015-08-2613:54:00\t106.81\tAAPL\n2015-08-2613:54:00\t23.00\tHDP\n2015-08-2613:54:00\t36.12\tORCL\n2015-08-2613:54:00\t41.51\tMSFT\n2015-08-2613:54:00\t610.97\tGOOG\n2015-08-2613:55:00\t106.97\tAAPL\n2015-08-2613:55:00\t23.04\tHDP\n2015-08-2613:55:00\t36.14\tORCL\n2015-08-2613:55:00\t41.54\tMSFT\n2015-08-2613:55:00\t610.75\tGOOG\n2015-08-2613:56:00\t106.85\tAAPL\n2015-08-2613:56:00\t23.07\tHDP\n2015-08-2613:56:00\t36.20\tORCL\n2015-08-2613:56:00\t41.61\tMSFT\n2015-08-2613:56:00\t609.98\tGOOG\n2015-08-2613:57:00\t106.90\tAAPL\n2015-08-2613:57:00\t36.23\tORCL\n2015-08-2613:57:00\t41.66\tMSFT\n2015-08-2613:57:00\t610.40\tGOOG\n2015-08-2613:58:00\t106.99\tAAPL\n2015-08-2613:58:00\t36.22\tORCL\n2015-08-2613:58:00\t41.66\tMSFT\n2015-08-2613:58:00\t610.54\tGOOG\n2015-08-2613:59:00\t106.81\tAAPL\n2015-08-2613:59:00\t23.13\tHDP\n2015-08-2613:59:00\t36.17\tORCL\n2015-08-2613:59:00\t41.56\tMSFT\n2015-08-2613:59:00\t609.76\tGOOG\n2015-08-2614:00:00\t107.23\tAAPL\n2015-08-2614:00:00\t23.13\tHDP\n2015-08-2614:00:00\t36.22\tORCL\n2015-08-2614:00:00\t41.66\tMSFT\n2015-08-2614:00:00\t609.71\tGOOG\n2015-08-2614:01:00\t107.22\tAAPL\n2015-08-2614:01:00\t23.14\tHDP\n2015-08-2614:01:00\t36.21\tORCL\n2015-08-2614:01:00\t41.71\tMSFT\n2015-08-2614:01:00\t609.56\tGOOG\n2015-08-2614:02:00\t107.10\tAAPL\n2015-08-2614:02:00\t23.10\tHDP\n2015-08-2614:02:00\t36.17\tORCL\n2015-08-2614:02:00\t41.64\tMSFT\n2015-08-2614:02:00\t609.11\tGOOG\n2015-08-2614:03:00\t107.05\tAAPL\n2015-08-2614:03:00\t36.16\tORCL\n2015-08-2614:03:00\t41.63\tMSFT\n2015-08-2614:03:00\t609.57\tGOOG\n2015-08-2614:04:00\t107.40\tAAPL\n2015-08-2614:04:00\t23.15\tHDP\n2015-08-2614:04:00\t36.17\tORCL\n2015-08-2614:04:00\t41.64\tMSFT\n2015-08-2614:04:00\t611.00\tGOOG\n2015-08-2614:05:00\t107.53\tAAPL\n2015-08-2614:05:00\t23.17\tHDP\n2015-08-2614:05:00\t36.19\tORCL\n2015-08-2614:05:00\t41.63\tMSFT\n2015-08-2614:05:00\t612.00\tGOOG\n2015-08-2614:06:00\t107.62\tAAPL\n2015-08-2614:06:00\t23.18\tHDP\n2015-08-2614:06:00\t36.21\tORCL\n2015-08-2614:06:00\t41.72\tMSFT\n2015-08-2614:06:00\t612.00\tGOOG\n2015-08-2614:07:00\t107.68\tAAPL\n2015-08-2614:07:00\t23.20\tHDP\n2015-08-2614:07:00\t36.25\tORCL\n2015-08-2614:07:00\t41.74\tMSFT\n2015-08-2614:07:00\t612.48\tGOOG\n2015-08-2614:08:00\t107.62\tAAPL\n2015-08-2614:08:00\t23.30\tHDP\n2015-08-2614:08:00\t36.24\tORCL\n2015-08-2614:08:00\t41.70\tMSFT\n2015-08-2614:08:00\t612.35\tGOOG\n2015-08-2614:09:00\t107.45\tAAPL\n2015-08-2614:09:00\t36.21\tORCL\n2015-08-2614:09:00\t41.67\tMSFT\n2015-08-2614:09:00\t612.08\tGOOG\n2015-08-2614:10:00\t107.42\tAAPL\n2015-08-2614:10:00\t36.20\tORCL\n2015-08-2614:10:00\t41.68\tMSFT\n2015-08-2614:10:00\t612.18\tGOOG\n2015-08-2614:11:00\t107.55\tAAPL\n2015-08-2614:11:00\t23.30\tHDP\n2015-08-2614:11:00\t36.21\tORCL\n2015-08-2614:11:00\t41.71\tMSFT\n2015-08-2614:11:00\t611.88\tGOOG\n2015-08-2614:12:00\t107.47\tAAPL\n2015-08-2614:12:00\t23.30\tHDP\n2015-08-2614:12:00\t36.18\tORCL\n2015-08-2614:12:00\t41.70\tMSFT\n2015-08-2614:12:00\t611.40\tGOOG\n2015-08-2614:13:00\t107.42\tAAPL\n2015-08-2614:13:00\t23.20\tHDP\n2015-08-2614:13:00\t36.18\tORCL\n2015-08-2614:13:00\t41.68\tMSFT\n2015-08-2614:13:00\t610.75\tGOOG\n2015-08-2614:14:00\t107.20\tAAPL\n2015-08-2614:14:00\t23.21\tHDP\n2015-08-2614:14:00\t36.12\tORCL\n2015-08-2614:14:00\t41.65\tMSFT\n2015-08-2614:14:00\t610.39\tGOOG\n2015-08-2614:15:00\t107.29\tAAPL\n2015-08-2614:15:00\t23.20\tHDP\n2015-08-2614:15:00\t36.15\tORCL\n2015-08-2614:15:00\t41.70\tMSFT\n2015-08-2614:15:00\t610.00\tGOOG\n2015-08-2614:16:00\t107.25\tAAPL\n2015-08-2614:16:00\t23.20\tHDP\n2015-08-2614:16:00\t36.14\tORCL\n2015-08-2614:16:00\t41.69\tMSFT\n2015-08-2614:16:00\t609.10\tGOOG\n2015-08-2614:17:00\t106.61\tAAPL\n2015-08-2614:17:00\t23.15\tHDP\n2015-08-2614:17:00\t35.98\tORCL\n2015-08-2614:17:00\t41.44\tMSFT\n2015-08-2614:17:00\t606.77\tGOOG\n2015-08-2614:18:00\t106.39\tAAPL\n2015-08-2614:18:00\t35.98\tORCL\n2015-08-2614:18:00\t41.40\tMSFT\n2015-08-2614:18:00\t606.70\tGOOG\n2015-08-2614:19:00\t106.28\tAAPL\n2015-08-2614:19:00\t23.06\tHDP\n2015-08-2614:19:00\t35.92\tORCL\n2015-08-2614:19:00\t41.50\tMSFT\n2015-08-2614:19:00\t606.08\tGOOG\n2015-08-2614:20:00\t106.30\tAAPL\n2015-08-2614:20:00\t23.08\tHDP\n2015-08-2614:20:00\t35.89\tORCL\n2015-08-2614:20:00\t41.28\tMSFT\n2015-08-2614:20:00\t606.00\tGOOG\n2015-08-2614:21:00\t106.52\tAAPL\n2015-08-2614:21:00\t23.14\tHDP\n2015-08-2614:21:00\t35.90\tORCL\n2015-08-2614:21:00\t41.41\tMSFT\n2015-08-2614:21:00\t606.50\tGOOG\n2015-08-2614:22:00\t106.43\tAAPL\n2015-08-2614:22:00\t35.92\tORCL\n2015-08-2614:22:00\t41.42\tMSFT\n2015-08-2614:22:00\t606.50\tGOOG\n2015-08-2614:23:00\t106.54\tAAPL\n2015-08-2614:23:00\t23.28\tHDP\n2015-08-2614:23:00\t35.95\tORCL\n2015-08-2614:23:00\t41.49\tMSFT\n2015-08-2614:23:00\t607.30\tGOOG\n2015-08-2614:24:00\t106.58\tAAPL\n2015-08-2614:24:00\t23.22\tHDP\n2015-08-2614:24:00\t35.98\tORCL\n2015-08-2614:24:00\t41.50\tMSFT\n2015-08-2614:24:00\t607.34\tGOOG\n2015-08-2614:25:00\t106.56\tAAPL\n2015-08-2614:25:00\t35.97\tORCL\n2015-08-2614:25:00\t41.52\tMSFT\n2015-08-2614:25:00\t606.66\tGOOG\n2015-08-2614:26:00\t106.67\tAAPL\n2015-08-2614:26:00\t23.33\tHDP\n2015-08-2614:26:00\t35.97\tORCL\n2015-08-2614:26:00\t41.50\tMSFT\n2015-08-2614:26:00\t606.53\tGOOG\n2015-08-2614:27:00\t106.68\tAAPL\n2015-08-2614:27:00\t23.33\tHDP\n2015-08-2614:27:00\t35.99\tORCL\n2015-08-2614:27:00\t41.52\tMSFT\n2015-08-2614:27:00\t606.77\tGOOG\n2015-08-2614:28:00\t106.96\tAAPL\n2015-08-2614:28:00\t36.00\tORCL\n2015-08-2614:28:00\t41.57\tMSFT\n2015-08-2614:28:00\t605.82\tGOOG\n2015-08-2614:29:00\t106.98\tAAPL\n2015-08-2614:29:00\t36.00\tORCL\n2015-08-2614:29:00\t41.57\tMSFT\n2015-08-2614:29:00\t607.50\tGOOG\n2015-08-2614:30:00\t106.91\tAAPL\n2015-08-2614:30:00\t36.00\tORCL\n2015-08-2614:30:00\t41.61\tMSFT\n2015-08-2614:30:00\t607.75\tGOOG\n2015-08-2614:31:00\t106.95\tAAPL\n2015-08-2614:31:00\t23.27\tHDP\n2015-08-2614:31:00\t36.01\tORCL\n2015-08-2614:31:00\t41.64\tMSFT\n2015-08-2614:31:00\t608.00\tGOOG\n2015-08-2614:32:00\t106.99\tAAPL\n2015-08-2614:32:00\t23.29\tHDP\n2015-08-2614:32:00\t36.01\tORCL\n2015-08-2614:32:00\t41.61\tMSFT\n2015-08-2614:32:00\t608.30\tGOOG\n2015-08-2614:33:00\t106.92\tAAPL\n2015-08-2614:33:00\t23.27\tHDP\n2015-08-2614:33:00\t35.96\tORCL\n2015-08-2614:33:00\t41.58\tMSFT\n2015-08-2614:33:00\t608.29\tGOOG\n2015-08-2614:34:00\t107.26\tAAPL\n2015-08-2614:34:00\t23.29\tHDP\n2015-08-2614:34:00\t36.09\tORCL\n2015-08-2614:34:00\t41.75\tMSFT\n2015-08-2614:34:00\t608.96\tGOOG\n2015-08-2614:35:00\t107.39\tAAPL\n2015-08-2614:35:00\t23.32\tHDP\n2015-08-2614:35:00\t36.14\tORCL\n2015-08-2614:35:00\t41.82\tMSFT\n2015-08-2614:35:00\t611.28\tGOOG\n2015-08-2614:36:00\t107.34\tAAPL\n2015-08-2614:36:00\t23.25\tHDP\n2015-08-2614:36:00\t36.09\tORCL\n2015-08-2614:36:00\t41.80\tMSFT\n2015-08-2614:36:00\t611.00\tGOOG\n2015-08-2614:37:00\t107.02\tAAPL\n2015-08-2614:37:00\t23.19\tHDP\n2015-08-2614:37:00\t36.05\tORCL\n2015-08-2614:37:00\t41.70\tMSFT\n2015-08-2614:37:00\t609.51\tGOOG\n2015-08-2614:38:00\t107.03\tAAPL\n2015-08-2614:38:00\t36.01\tORCL\n2015-08-2614:38:00\t41.71\tMSFT\n2015-08-2614:38:00\t609.36\tGOOG\n2015-08-2614:39:00\t106.99\tAAPL\n2015-08-2614:39:00\t23.14\tHDP\n2015-08-2614:39:00\t36.02\tORCL\n2015-08-2614:39:00\t41.70\tMSFT\n2015-08-2614:39:00\t609.95\tGOOG\n2015-08-2614:40:00\t106.99\tAAPL\n2015-08-2614:40:00\t23.11\tHDP\n2015-08-2614:40:00\t36.02\tORCL\n2015-08-2614:40:00\t41.67\tMSFT\n2015-08-2614:40:00\t610.50\tGOOG\n2015-08-2614:41:00\t106.93\tAAPL\n2015-08-2614:41:00\t23.09\tHDP\n2015-08-2614:41:00\t36.00\tORCL\n2015-08-2614:41:00\t41.63\tMSFT\n2015-08-2614:41:00\t610.35\tGOOG\n2015-08-2614:42:00\t106.84\tAAPL\n2015-08-2614:42:00\t23.05\tHDP\n2015-08-2614:42:00\t36.01\tORCL\n2015-08-2614:42:00\t41.64\tMSFT\n2015-08-2614:42:00\t609.50\tGOOG\n2015-08-2614:43:00\t106.84\tAAPL\n2015-08-2614:43:00\t23.05\tHDP\n2015-08-2614:43:00\t36.00\tORCL\n2015-08-2614:43:00\t41.64\tMSFT\n2015-08-2614:43:00\t609.02\tGOOG\n2015-08-2614:44:00\t106.70\tAAPL\n2015-08-2614:44:00\t22.99\tHDP\n2015-08-2614:44:00\t36.01\tORCL\n2015-08-2614:44:00\t41.60\tMSFT\n2015-08-2614:44:00\t608.84\tGOOG\n2015-08-2614:45:00\t106.77\tAAPL\n2015-08-2614:45:00\t23.00\tHDP\n2015-08-2614:45:00\t35.98\tORCL\n2015-08-2614:45:00\t41.58\tMSFT\n2015-08-2614:45:00\t608.30\tGOOG\n2015-08-2614:46:00\t106.77\tAAPL\n2015-08-2614:46:00\t22.93\tHDP\n2015-08-2614:46:00\t35.95\tORCL\n2015-08-2614:46:00\t41.56\tMSFT\n2015-08-2614:46:00\t607.64\tGOOG\n2015-08-2614:47:00\t106.79\tAAPL\n2015-08-2614:47:00\t22.89\tHDP\n2015-08-2614:47:00\t35.97\tORCL\n2015-08-2614:47:00\t41.51\tMSFT\n2015-08-2614:47:00\t607.64\tGOOG\n2015-08-2614:48:00\t106.73\tAAPL\n2015-08-2614:48:00\t22.90\tHDP\n2015-08-2614:48:00\t35.96\tORCL\n2015-08-2614:48:00\t41.50\tMSFT\n2015-08-2614:48:00\t607.89\tGOOG\n2015-08-2614:49:00\t106.65\tAAPL\n2015-08-2614:49:00\t22.84\tHDP\n2015-08-2614:49:00\t35.91\tORCL\n2015-08-2614:49:00\t41.43\tMSFT\n2015-08-2614:49:00\t607.29\tGOOG\n2015-08-2614:50:00\t106.76\tAAPL\n2015-08-2614:50:00\t22.79\tHDP\n2015-08-2614:50:00\t35.88\tORCL\n2015-08-2614:50:00\t41.44\tMSFT\n2015-08-2614:50:00\t607.18\tGOOG\n2015-08-2614:51:00\t106.95\tAAPL\n2015-08-2614:51:00\t22.80\tHDP\n2015-08-2614:51:00\t35.94\tORCL\n2015-08-2614:51:00\t41.48\tMSFT\n2015-08-2614:51:00\t607.25\tGOOG\n2015-08-2614:52:00\t107.19\tAAPL\n2015-08-2614:52:00\t22.78\tHDP\n2015-08-2614:52:00\t35.98\tORCL\n2015-08-2614:52:00\t41.52\tMSFT\n2015-08-2614:52:00\t608.97\tGOOG\n2015-08-2614:53:00\t107.34\tAAPL\n2015-08-2614:53:00\t22.88\tHDP\n2015-08-2614:53:00\t35.99\tORCL\n2015-08-2614:53:00\t41.54\tMSFT\n2015-08-2614:53:00\t609.63\tGOOG\n2015-08-2614:54:00\t107.25\tAAPL\n2015-08-2614:54:00\t35.96\tORCL\n2015-08-2614:54:00\t41.56\tMSFT\n2015-08-2614:54:00\t610.00\tGOOG\n2015-08-2614:55:00\t107.30\tAAPL\n2015-08-2614:55:00\t36.01\tORCL\n2015-08-2614:55:00\t41.64\tMSFT\n2015-08-2614:55:00\t609.72\tGOOG\n2015-08-2614:56:00\t107.25\tAAPL\n2015-08-2614:56:00\t23.03\tHDP\n2015-08-2614:56:00\t36.00\tORCL\n2015-08-2614:56:00\t41.61\tMSFT\n2015-08-2614:56:00\t609.70\tGOOG\n2015-08-2614:57:00\t107.07\tAAPL\n2015-08-2614:57:00\t23.15\tHDP\n2015-08-2614:57:00\t35.97\tORCL\n2015-08-2614:57:00\t41.55\tMSFT\n2015-08-2614:57:00\t609.50\tGOOG\n2015-08-2614:58:00\t106.94\tAAPL\n2015-08-2614:58:00\t23.03\tHDP\n2015-08-2614:58:00\t35.90\tORCL\n2015-08-2614:58:00\t41.48\tMSFT\n2015-08-2614:58:00\t609.32\tGOOG\n2015-08-2614:59:00\t106.82\tAAPL\n2015-08-2614:59:00\t23.05\tHDP\n2015-08-2614:59:00\t35.88\tORCL\n2015-08-2614:59:00\t41.47\tMSFT\n2015-08-2614:59:00\t608.52\tGOOG\n2015-08-2615:00:00\t106.74\tAAPL\n2015-08-2615:00:00\t23.02\tHDP\n2015-08-2615:00:00\t35.84\tORCL\n2015-08-2615:00:00\t41.44\tMSFT\n2015-08-2615:00:00\t608.34\tGOOG\n2015-08-2615:01:00\t106.77\tAAPL\n2015-08-2615:01:00\t35.84\tORCL\n2015-08-2615:01:00\t41.46\tMSFT\n2015-08-2615:01:00\t607.50\tGOOG\n2015-08-2615:02:00\t106.54\tAAPL\n2015-08-2615:02:00\t22.89\tHDP\n2015-08-2615:02:00\t35.83\tORCL\n2015-08-2615:02:00\t41.35\tMSFT\n2015-08-2615:02:00\t607.62\tGOOG\n2015-08-2615:03:00\t106.56\tAAPL\n2015-08-2615:03:00\t22.95\tHDP\n2015-08-2615:03:00\t35.81\tORCL\n2015-08-2615:03:00\t41.37\tMSFT\n2015-08-2615:03:00\t606.77\tGOOG\n2015-08-2615:04:00\t106.63\tAAPL\n2015-08-2615:04:00\t22.96\tHDP\n2015-08-2615:04:00\t35.84\tORCL\n2015-08-2615:04:00\t41.41\tMSFT\n2015-08-2615:04:00\t607.61\tGOOG\n2015-08-2615:05:00\t106.85\tAAPL\n2015-08-2615:05:00\t22.98\tHDP\n2015-08-2615:05:00\t35.90\tORCL\n2015-08-2615:05:00\t41.45\tMSFT\n2015-08-2615:05:00\t607.97\tGOOG\n2015-08-2615:06:00\t106.89\tAAPL\n2015-08-2615:06:00\t35.98\tORCL\n2015-08-2615:06:00\t41.44\tMSFT\n2015-08-2615:06:00\t608.59\tGOOG\n2015-08-2615:07:00\t106.78\tAAPL\n2015-08-2615:07:00\t23.05\tHDP\n2015-08-2615:07:00\t35.95\tORCL\n2015-08-2615:07:00\t41.43\tMSFT\n2015-08-2615:07:00\t607.75\tGOOG\n2015-08-2615:08:00\t106.79\tAAPL\n2015-08-2615:08:00\t23.00\tHDP\n2015-08-2615:08:00\t35.95\tORCL\n2015-08-2615:08:00\t41.44\tMSFT\n2015-08-2615:08:00\t607.79\tGOOG\n2015-08-2615:09:00\t106.80\tAAPL\n2015-08-2615:09:00\t23.00\tHDP\n2015-08-2615:09:00\t35.97\tORCL\n2015-08-2615:09:00\t41.49\tMSFT\n2015-08-2615:09:00\t607.73\tGOOG\n2015-08-2615:10:00\t106.74\tAAPL\n2015-08-2615:10:00\t23.00\tHDP\n2015-08-2615:10:00\t35.97\tORCL\n2015-08-2615:10:00\t41.47\tMSFT\n2015-08-2615:10:00\t607.92\tGOOG\n2015-08-2615:11:00\t106.56\tAAPL\n2015-08-2615:11:00\t23.01\tHDP\n2015-08-2615:11:00\t35.91\tORCL\n2015-08-2615:11:00\t41.36\tMSFT\n2015-08-2615:11:00\t607.80\tGOOG\n2015-08-2615:12:00\t106.41\tAAPL\n2015-08-2615:12:00\t23.10\tHDP\n2015-08-2615:12:00\t35.88\tORCL\n2015-08-2615:12:00\t41.34\tMSFT\n2015-08-2615:12:00\t606.47\tGOOG\n2015-08-2615:13:00\t106.56\tAAPL\n2015-08-2615:13:00\t23.07\tHDP\n2015-08-2615:13:00\t35.91\tORCL\n2015-08-2615:13:00\t41.40\tMSFT\n2015-08-2615:13:00\t606.81\tGOOG\n2015-08-2615:14:00\t106.30\tAAPL\n2015-08-2615:14:00\t23.01\tHDP\n2015-08-2615:14:00\t35.87\tORCL\n2015-08-2615:14:00\t41.31\tMSFT\n2015-08-2615:14:00\t605.56\tGOOG\n2015-08-2615:15:00\t106.39\tAAPL\n2015-08-2615:15:00\t22.98\tHDP\n2015-08-2615:15:00\t35.83\tORCL\n2015-08-2615:15:00\t41.34\tMSFT\n2015-08-2615:15:00\t606.31\tGOOG\n2015-08-2615:16:00\t106.51\tAAPL\n2015-08-2615:16:00\t22.99\tHDP\n2015-08-2615:16:00\t35.88\tORCL\n2015-08-2615:16:00\t41.38\tMSFT\n2015-08-2615:16:00\t607.51\tGOOG\n2015-08-2615:17:00\t106.51\tAAPL\n2015-08-2615:17:00\t23.01\tHDP\n2015-08-2615:17:00\t35.88\tORCL\n2015-08-2615:17:00\t41.41\tMSFT\n2015-08-2615:17:00\t607.76\tGOOG\n2015-08-2615:18:00\t106.48\tAAPL\n2015-08-2615:18:00\t23.07\tHDP\n2015-08-2615:18:00\t35.91\tORCL\n2015-08-2615:18:00\t41.44\tMSFT\n2015-08-2615:18:00\t607.86\tGOOG\n2015-08-2615:19:00\t106.42\tAAPL\n2015-08-2615:19:00\t35.89\tORCL\n2015-08-2615:19:00\t41.42\tMSFT\n2015-08-2615:19:00\t607.98\tGOOG\n2015-08-2615:20:00\t106.42\tAAPL\n2015-08-2615:20:00\t23.09\tHDP\n2015-08-2615:20:00\t35.88\tORCL\n2015-08-2615:20:00\t41.40\tMSFT\n2015-08-2615:20:00\t608.42\tGOOG\n2015-08-2615:21:00\t106.48\tAAPL\n2015-08-2615:21:00\t35.91\tORCL\n2015-08-2615:21:00\t41.49\tMSFT\n2015-08-2615:21:00\t608.00\tGOOG\n2015-08-2615:22:00\t106.45\tAAPL\n2015-08-2615:22:00\t23.17\tHDP\n2015-08-2615:22:00\t35.91\tORCL\n2015-08-2615:22:00\t41.49\tMSFT\n2015-08-2615:22:00\t607.83\tGOOG\n2015-08-2615:23:00\t106.47\tAAPL\n2015-08-2615:23:00\t35.90\tORCL\n2015-08-2615:23:00\t41.47\tMSFT\n2015-08-2615:23:00\t607.93\tGOOG\n2015-08-2615:24:00\t106.37\tAAPL\n2015-08-2615:24:00\t23.17\tHDP\n2015-08-2615:24:00\t35.90\tORCL\n2015-08-2615:24:00\t41.47\tMSFT\n2015-08-2615:24:00\t606.83\tGOOG\n2015-08-2615:25:00\t106.38\tAAPL\n2015-08-2615:25:00\t23.08\tHDP\n2015-08-2615:25:00\t35.88\tORCL\n2015-08-2615:25:00\t41.47\tMSFT\n2015-08-2615:25:00\t606.27\tGOOG\n2015-08-2615:26:00\t106.49\tAAPL\n2015-08-2615:26:00\t35.90\tORCL\n2015-08-2615:26:00\t41.50\tMSFT\n2015-08-2615:26:00\t605.94\tGOOG\n2015-08-2615:27:00\t106.63\tAAPL\n2015-08-2615:27:00\t23.06\tHDP\n2015-08-2615:27:00\t35.92\tORCL\n2015-08-2615:27:00\t41.51\tMSFT\n2015-08-2615:27:00\t605.38\tGOOG\n2015-08-2615:28:00\t106.55\tAAPL\n2015-08-2615:28:00\t23.05\tHDP\n2015-08-2615:28:00\t35.88\tORCL\n2015-08-2615:28:00\t41.51\tMSFT\n2015-08-2615:28:00\t605.12\tGOOG\n2015-08-2615:29:00\t106.47\tAAPL\n2015-08-2615:29:00\t35.88\tORCL\n2015-08-2615:29:00\t41.46\tMSFT\n2015-08-2615:29:00\t604.83\tGOOG\n2015-08-2615:30:00\t106.48\tAAPL\n2015-08-2615:30:00\t23.02\tHDP\n2015-08-2615:30:00\t35.89\tORCL\n2015-08-2615:30:00\t41.48\tMSFT\n2015-08-2615:30:00\t605.09\tGOOG\n2015-08-2615:31:00\t106.43\tAAPL\n2015-08-2615:31:00\t23.02\tHDP\n2015-08-2615:31:00\t35.87\tORCL\n2015-08-2615:31:00\t41.47\tMSFT\n2015-08-2615:31:00\t604.74\tGOOG\n2015-08-2615:32:00\t106.51\tAAPL\n2015-08-2615:32:00\t35.89\tORCL\n2015-08-2615:32:00\t41.49\tMSFT\n2015-08-2615:32:00\t605.45\tGOOG\n2015-08-2615:33:00\t106.36\tAAPL\n2015-08-2615:33:00\t23.03\tHDP\n2015-08-2615:33:00\t35.88\tORCL\n2015-08-2615:33:00\t41.46\tMSFT\n2015-08-2615:33:00\t604.58\tGOOG\n2015-08-2615:34:00\t106.13\tAAPL\n2015-08-2615:34:00\t23.04\tHDP\n2015-08-2615:34:00\t35.80\tORCL\n2015-08-2615:34:00\t41.37\tMSFT\n2015-08-2615:34:00\t603.38\tGOOG\n2015-08-2615:35:00\t105.95\tAAPL\n2015-08-2615:35:00\t22.98\tHDP\n2015-08-2615:35:00\t35.77\tORCL\n2015-08-2615:35:00\t41.32\tMSFT\n2015-08-2615:35:00\t603.50\tGOOG\n2015-08-2615:36:00\t105.77\tAAPL\n2015-08-2615:36:00\t22.98\tHDP\n2015-08-2615:36:00\t35.74\tORCL\n2015-08-2615:36:00\t41.29\tMSFT\n2015-08-2615:36:00\t602.45\tGOOG\n2015-08-2615:37:00\t105.72\tAAPL\n2015-08-2615:37:00\t35.72\tORCL\n2015-08-2615:37:00\t41.25\tMSFT\n2015-08-2615:37:00\t602.50\tGOOG\n2015-08-2615:38:00\t105.67\tAAPL\n2015-08-2615:38:00\t23.00\tHDP\n2015-08-2615:38:00\t35.71\tORCL\n2015-08-2615:38:00\t41.23\tMSFT\n2015-08-2615:38:00\t602.74\tGOOG\n2015-08-2615:39:00\t105.59\tAAPL\n2015-08-2615:39:00\t35.70\tORCL\n2015-08-2615:39:00\t41.19\tMSFT\n2015-08-2615:39:00\t602.17\tGOOG\n2015-08-2615:40:00\t105.48\tAAPL\n2015-08-2615:40:00\t23.02\tHDP\n2015-08-2615:40:00\t35.66\tORCL\n2015-08-2615:40:00\t41.12\tMSFT\n2015-08-2615:40:00\t600.98\tGOOG\n2015-08-2615:41:00\t105.53\tAAPL\n2015-08-2615:41:00\t22.98\tHDP\n2015-08-2615:41:00\t35.66\tORCL\n2015-08-2615:41:00\t41.36\tMSFT\n2015-08-2615:41:00\t602.32\tGOOG\n2015-08-2615:42:00\t105.85\tAAPL\n2015-08-2615:42:00\t22.97\tHDP\n2015-08-2615:42:00\t35.72\tORCL\n2015-08-2615:42:00\t41.33\tMSFT\n2015-08-2615:42:00\t603.70\tGOOG\n2015-08-2615:43:00\t105.92\tAAPL\n2015-08-2615:43:00\t35.71\tORCL\n2015-08-2615:43:00\t41.29\tMSFT\n2015-08-2615:43:00\t603.72\tGOOG\n2015-08-2615:44:00\t106.02\tAAPL\n2015-08-2615:44:00\t22.95\tHDP\n2015-08-2615:44:00\t35.72\tORCL\n2015-08-2615:44:00\t41.32\tMSFT\n2015-08-2615:44:00\t603.94\tGOOG\n2015-08-2615:45:00\t106.10\tAAPL\n2015-08-2615:45:00\t23.02\tHDP\n2015-08-2615:45:00\t35.73\tORCL\n2015-08-2615:45:00\t41.37\tMSFT\n2015-08-2615:45:00\t604.89\tGOOG\n2015-08-2615:46:00\t105.96\tAAPL\n2015-08-2615:46:00\t22.96\tHDP\n2015-08-2615:46:00\t35.70\tORCL\n2015-08-2615:46:00\t41.29\tMSFT\n2015-08-2615:46:00\t604.04\tGOOG\n2015-08-2615:47:00\t105.88\tAAPL\n2015-08-2615:47:00\t22.92\tHDP\n2015-08-2615:47:00\t35.70\tORCL\n2015-08-2615:47:00\t41.28\tMSFT\n2015-08-2615:47:00\t603.30\tGOOG\n2015-08-2615:48:00\t105.85\tAAPL\n2015-08-2615:48:00\t22.88\tHDP\n2015-08-2615:48:00\t35.66\tORCL\n2015-08-2615:48:00\t41.25\tMSFT\n2015-08-2615:48:00\t602.80\tGOOG\n2015-08-2615:49:00\t106.00\tAAPL\n2015-08-2615:49:00\t22.88\tHDP\n2015-08-2615:49:00\t35.72\tORCL\n2015-08-2615:49:00\t41.34\tMSFT\n2015-08-2615:49:00\t604.40\tGOOG\n2015-08-2615:50:00\t106.03\tAAPL\n2015-08-2615:50:00\t22.85\tHDP\n2015-08-2615:50:00\t35.75\tORCL\n2015-08-2615:50:00\t41.39\tMSFT\n2015-08-2615:50:00\t605.66\tGOOG\n2015-08-2615:51:00\t106.28\tAAPL\n2015-08-2615:51:00\t23.00\tHDP\n2015-08-2615:51:00\t35.83\tORCL\n2015-08-2615:51:00\t41.47\tMSFT\n2015-08-2615:51:00\t606.54\tGOOG\n2015-08-2615:52:00\t106.19\tAAPL\n2015-08-2615:52:00\t23.08\tHDP\n2015-08-2615:52:00\t35.79\tORCL\n2015-08-2615:52:00\t41.44\tMSFT\n2015-08-2615:52:00\t606.40\tGOOG\n2015-08-2615:53:00\t106.17\tAAPL\n2015-08-2615:53:00\t23.02\tHDP\n2015-08-2615:53:00\t35.82\tORCL\n2015-08-2615:53:00\t41.42\tMSFT\n2015-08-2615:53:00\t606.85\tGOOG\n2015-08-2615:54:00\t106.10\tAAPL\n2015-08-2615:54:00\t23.00\tHDP\n2015-08-2615:54:00\t35.80\tORCL\n2015-08-2615:54:00\t41.39\tMSFT\n2015-08-2615:54:00\t606.34\tGOOG\n2015-08-2615:55:00\t106.16\tAAPL\n2015-08-2615:55:00\t22.96\tHDP\n2015-08-2615:55:00\t35.79\tORCL\n2015-08-2615:55:00\t41.41\tMSFT\n2015-08-2615:55:00\t606.39\tGOOG\n2015-08-2615:56:00\t106.11\tAAPL\n2015-08-2615:56:00\t22.96\tHDP\n2015-08-2615:56:00\t35.81\tORCL\n2015-08-2615:56:00\t41.41\tMSFT\n2015-08-2615:56:00\t607.00\tGOOG\n2015-08-2615:57:00\t106.03\tAAPL\n2015-08-2615:57:00\t23.02\tHDP\n2015-08-2615:57:00\t35.83\tORCL\n2015-08-2615:57:00\t41.39\tMSFT\n2015-08-2615:57:00\t606.83\tGOOG\n2015-08-2615:58:00\t106.06\tAAPL\n2015-08-2615:58:00\t35.82\tORCL\n2015-08-2615:58:00\t41.36\tMSFT\n2015-08-2615:58:00\t605.37\tGOOG\n2015-08-2615:59:00\t106.16\tAAPL\n2015-08-2615:59:00\t23.05\tHDP\n2015-08-2615:59:00\t35.83\tORCL\n2015-08-2615:59:00\t41.38\tMSFT\n2015-08-2615:59:00\t606.40\tGOOG\n2015-08-2616:00:00\t106.07\tAAPL\n2015-08-2616:00:00\t23.02\tHDP\n2015-08-2616:00:00\t35.82\tORCL\n2015-08-2616:00:00\t41.34\tMSFT\n2015-08-2616:00:00\t606.14\tGOOG\n2015-08-2616:01:00\t105.96\tAAPL\n2015-08-2616:01:00\t23.03\tHDP\n2015-08-2616:01:00\t35.80\tORCL\n2015-08-2616:01:00\t41.32\tMSFT\n2015-08-2616:01:00\t605.13\tGOOG\n2015-08-2616:02:00\t106.01\tAAPL\n2015-08-2616:02:00\t35.82\tORCL\n2015-08-2616:02:00\t41.30\tMSFT\n2015-08-2616:02:00\t604.27\tGOOG\n2015-08-2616:03:00\t105.91\tAAPL\n2015-08-2616:03:00\t23.01\tHDP\n2015-08-2616:03:00\t35.80\tORCL\n2015-08-2616:03:00\t41.29\tMSFT\n2015-08-2616:03:00\t604.31\tGOOG\n2015-08-2616:04:00\t105.95\tAAPL\n2015-08-2616:04:00\t22.94\tHDP\n2015-08-2616:04:00\t35.83\tORCL\n2015-08-2616:04:00\t41.26\tMSFT\n2015-08-2616:04:00\t604.35\tGOOG\n2015-08-2616:05:00\t105.93\tAAPL\n2015-08-2616:05:00\t22.93\tHDP\n2015-08-2616:05:00\t35.81\tORCL\n2015-08-2616:05:00\t41.26\tMSFT\n2015-08-2616:05:00\t603.53\tGOOG\n2015-08-2616:06:00\t105.96\tAAPL\n2015-08-2616:06:00\t22.93\tHDP\n2015-08-2616:06:00\t35.83\tORCL\n2015-08-2616:06:00\t41.27\tMSFT\n2015-08-2616:06:00\t604.24\tGOOG\n2015-08-2616:07:00\t106.08\tAAPL\n2015-08-2616:07:00\t23.01\tHDP\n2015-08-2616:07:00\t35.84\tORCL\n2015-08-2616:07:00\t41.31\tMSFT\n2015-08-2616:07:00\t604.45\tGOOG\n2015-08-2616:08:00\t106.16\tAAPL\n2015-08-2616:08:00\t35.86\tORCL\n2015-08-2616:08:00\t41.32\tMSFT\n2015-08-2616:08:00\t604.45\tGOOG\n2015-08-2616:09:00\t105.95\tAAPL\n2015-08-2616:09:00\t35.81\tORCL\n2015-08-2616:09:00\t41.26\tMSFT\n2015-08-2616:09:00\t603.21\tGOOG\n2015-08-2616:10:00\t106.03\tAAPL\n2015-08-2616:10:00\t23.00\tHDP\n2015-08-2616:10:00\t35.87\tORCL\n2015-08-2616:10:00\t41.31\tMSFT\n2015-08-2616:10:00\t603.46\tGOOG\n2015-08-2616:11:00\t106.00\tAAPL\n2015-08-2616:11:00\t22.98\tHDP\n2015-08-2616:11:00\t35.87\tORCL\n2015-08-2616:11:00\t41.33\tMSFT\n2015-08-2616:11:00\t603.62\tGOOG\n2015-08-2616:12:00\t106.00\tAAPL\n2015-08-2616:12:00\t22.98\tHDP\n2015-08-2616:12:00\t35.87\tORCL\n2015-08-2616:12:00\t41.33\tMSFT\n2015-08-2616:12:00\t603.60\tGOOG\n2015-08-2616:13:00\t105.98\tAAPL\n2015-08-2616:13:00\t22.91\tHDP\n2015-08-2616:13:00\t35.87\tORCL\n2015-08-2616:13:00\t41.30\tMSFT\n2015-08-2616:13:00\t604.08\tGOOG\n2015-08-2616:14:00\t106.00\tAAPL\n2015-08-2616:14:00\t22.88\tHDP\n2015-08-2616:14:00\t35.87\tORCL\n2015-08-2616:14:00\t41.31\tMSFT\n2015-08-2616:14:00\t604.61\tGOOG\n2015-08-2616:15:00\t106.04\tAAPL\n2015-08-2616:15:00\t22.91\tHDP\n2015-08-2616:15:00\t35.88\tORCL\n2015-08-2616:15:00\t41.31\tMSFT\n2015-08-2616:15:00\t603.12\tGOOG\n2015-08-2616:16:00\t106.02\tAAPL\n2015-08-2616:16:00\t22.93\tHDP\n2015-08-2616:16:00\t35.89\tORCL\n2015-08-2616:16:00\t41.30\tMSFT\n2015-08-2616:16:00\t602.90\tGOOG\n2015-08-2616:17:00\t106.19\tAAPL\n2015-08-2616:17:00\t22.89\tHDP\n2015-08-2616:17:00\t36.01\tORCL\n2015-08-2616:17:00\t41.39\tMSFT\n2015-08-2616:17:00\t604.12\tGOOG\n2015-08-2616:18:00\t106.45\tAAPL\n2015-08-2616:18:00\t22.95\tHDP\n2015-08-2616:18:00\t36.06\tORCL\n2015-08-2616:18:00\t41.43\tMSFT\n2015-08-2616:18:00\t605.50\tGOOG\n2015-08-2616:19:00\t106.35\tAAPL\n2015-08-2616:19:00\t22.93\tHDP\n2015-08-2616:19:00\t36.03\tORCL\n2015-08-2616:19:00\t41.40\tMSFT\n2015-08-2616:19:00\t604.94\tGOOG\n2015-08-2616:20:00\t106.38\tAAPL\n2015-08-2616:20:00\t22.91\tHDP\n2015-08-2616:20:00\t36.02\tORCL\n2015-08-2616:20:00\t41.43\tMSFT\n2015-08-2616:20:00\t605.00\tGOOG\n2015-08-2616:21:00\t106.47\tAAPL\n2015-08-2616:21:00\t22.90\tHDP\n2015-08-2616:21:00\t36.03\tORCL\n2015-08-2616:21:00\t41.45\tMSFT\n2015-08-2616:21:00\t605.46\tGOOG\n2015-08-2616:22:00\t106.14\tAAPL\n2015-08-2616:22:00\t22.87\tHDP\n2015-08-2616:22:00\t35.95\tORCL\n2015-08-2616:22:00\t41.34\tMSFT\n2015-08-2616:22:00\t603.37\tGOOG\n2015-08-2616:23:00\t106.12\tAAPL\n2015-08-2616:23:00\t22.83\tHDP\n2015-08-2616:23:00\t35.91\tORCL\n2015-08-2616:23:00\t41.33\tMSFT\n2015-08-2616:23:00\t603.32\tGOOG\n2015-08-2616:24:00\t106.05\tAAPL\n2015-08-2616:24:00\t22.86\tHDP\n2015-08-2616:24:00\t35.90\tORCL\n2015-08-2616:24:00\t41.30\tMSFT\n2015-08-2616:24:00\t603.02\tGOOG\n2015-08-2616:25:00\t106.00\tAAPL\n2015-08-2616:25:00\t22.84\tHDP\n2015-08-2616:25:00\t35.87\tORCL\n2015-08-2616:25:00\t41.32\tMSFT\n2015-08-2616:25:00\t601.94\tGOOG\n2015-08-2616:26:00\t105.91\tAAPL\n2015-08-2616:26:00\t22.89\tHDP\n2015-08-2616:26:00\t35.90\tORCL\n2015-08-2616:26:00\t41.35\tMSFT\n2015-08-2616:26:00\t602.71\tGOOG\n2015-08-2616:27:00\t105.84\tAAPL\n2015-08-2616:27:00\t22.84\tHDP\n2015-08-2616:27:00\t35.88\tORCL\n2015-08-2616:27:00\t41.33\tMSFT\n2015-08-2616:27:00\t602.88\tGOOG\n2015-08-2616:28:00\t105.67\tAAPL\n2015-08-2616:28:00\t22.84\tHDP\n2015-08-2616:28:00\t35.85\tORCL\n2015-08-2616:28:00\t41.27\tMSFT\n2015-08-2616:28:00\t602.00\tGOOG\n2015-08-2616:29:00\t105.77\tAAPL\n2015-08-2616:29:00\t35.87\tORCL\n2015-08-2616:29:00\t41.28\tMSFT\n2015-08-2616:29:00\t602.24\tGOOG\n2015-08-2616:30:00\t105.65\tAAPL\n2015-08-2616:30:00\t22.84\tHDP\n2015-08-2616:30:00\t35.88\tORCL\n2015-08-2616:30:00\t41.26\tMSFT\n2015-08-2616:30:00\t602.25\tGOOG\n2015-08-2616:31:00\t105.58\tAAPL\n2015-08-2616:31:00\t22.84\tHDP\n2015-08-2616:31:00\t35.87\tORCL\n2015-08-2616:31:00\t41.26\tMSFT\n2015-08-2616:31:00\t602.50\tGOOG\n2015-08-2616:32:00\t105.55\tAAPL\n2015-08-2616:32:00\t35.85\tORCL\n2015-08-2616:32:00\t41.26\tMSFT\n2015-08-2616:32:00\t602.16\tGOOG\n2015-08-2616:33:00\t105.52\tAAPL\n2015-08-2616:33:00\t35.84\tORCL\n2015-08-2616:33:00\t41.25\tMSFT\n2015-08-2616:33:00\t602.35\tGOOG\n2015-08-2616:34:00\t105.45\tAAPL\n2015-08-2616:34:00\t35.82\tORCL\n2015-08-2616:34:00\t41.22\tMSFT\n2015-08-2616:34:00\t601.00\tGOOG\n2015-08-2616:35:00\t105.40\tAAPL\n2015-08-2616:35:00\t22.80\tHDP\n2015-08-2616:35:00\t35.80\tORCL\n2015-08-2616:35:00\t41.21\tMSFT\n2015-08-2616:35:00\t601.02\tGOOG\n2015-08-2616:36:00\t105.38\tAAPL\n2015-08-2616:36:00\t22.78\tHDP\n2015-08-2616:36:00\t35.77\tORCL\n2015-08-2616:36:00\t41.19\tMSFT\n2015-08-2616:36:00\t600.97\tGOOG\n2015-08-2616:37:00\t105.52\tAAPL\n2015-08-2616:37:00\t35.79\tORCL\n2015-08-2616:37:00\t41.23\tMSFT\n2015-08-2616:37:00\t601.34\tGOOG\n2015-08-2616:38:00\t105.62\tAAPL\n2015-08-2616:38:00\t22.77\tHDP\n2015-08-2616:38:00\t35.83\tORCL\n2015-08-2616:38:00\t41.28\tMSFT\n2015-08-2616:38:00\t602.07\tGOOG\n2015-08-2616:39:00\t105.56\tAAPL\n2015-08-2616:39:00\t35.82\tORCL\n2015-08-2616:39:00\t41.27\tMSFT\n2015-08-2616:39:00\t601.77\tGOOG\n2015-08-2616:40:00\t105.44\tAAPL\n2015-08-2616:40:00\t22.77\tHDP\n2015-08-2616:40:00\t35.80\tORCL\n2015-08-2616:40:00\t41.25\tMSFT\n2015-08-2616:40:00\t600.71\tGOOG\n2015-08-2616:41:00\t105.26\tAAPL\n2015-08-2616:41:00\t22.74\tHDP\n2015-08-2616:41:00\t35.77\tORCL\n2015-08-2616:41:00\t41.20\tMSFT\n2015-08-2616:41:00\t600.18\tGOOG\n2015-08-2616:42:00\t105.29\tAAPL\n2015-08-2616:42:00\t22.76\tHDP\n2015-08-2616:42:00\t35.77\tORCL\n2015-08-2616:42:00\t41.21\tMSFT\n2015-08-2616:42:00\t601.21\tGOOG\n2015-08-2616:43:00\t105.31\tAAPL\n2015-08-2616:43:00\t22.77\tHDP\n2015-08-2616:43:00\t35.80\tORCL\n2015-08-2616:43:00\t41.23\tMSFT\n2015-08-2616:43:00\t600.55\tGOOG\n2015-08-2616:44:00\t105.21\tAAPL\n2015-08-2616:44:00\t22.73\tHDP\n2015-08-2616:44:00\t35.79\tORCL\n2015-08-2616:44:00\t41.18\tMSFT\n2015-08-2616:44:00\t599.77\tGOOG\n2015-08-2616:45:00\t105.21\tAAPL\n2015-08-2616:45:00\t22.71\tHDP\n2015-08-2616:45:00\t35.79\tORCL\n2015-08-2616:45:00\t41.17\tMSFT\n2015-08-2616:45:00\t600.64\tGOOG\n2015-08-2616:46:00\t105.43\tAAPL\n2015-08-2616:46:00\t22.69\tHDP\n2015-08-2616:46:00\t35.80\tORCL\n2015-08-2616:46:00\t41.18\tMSFT\n2015-08-2616:46:00\t601.25\tGOOG\n2015-08-2616:47:00\t105.39\tAAPL\n2015-08-2616:47:00\t22.63\tHDP\n2015-08-2616:47:00\t35.79\tORCL\n2015-08-2616:47:00\t41.17\tMSFT\n2015-08-2616:47:00\t600.80\tGOOG\n2015-08-2616:48:00\t105.38\tAAPL\n2015-08-2616:48:00\t22.58\tHDP\n2015-08-2616:48:00\t35.79\tORCL\n2015-08-2616:48:00\t41.18\tMSFT\n2015-08-2616:48:00\t601.99\tGOOG\n2015-08-2616:49:00\t105.62\tAAPL\n2015-08-2616:49:00\t22.55\tHDP\n2015-08-2616:49:00\t35.86\tORCL\n2015-08-2616:49:00\t41.27\tMSFT\n2015-08-2616:49:00\t602.97\tGOOG\n2015-08-2616:50:00\t105.62\tAAPL\n2015-08-2616:50:00\t22.48\tHDP\n2015-08-2616:50:00\t35.85\tORCL\n2015-08-2616:50:00\t41.27\tMSFT\n2015-08-2616:50:00\t603.17\tGOOG\n2015-08-2616:51:00\t105.48\tAAPL\n2015-08-2616:51:00\t35.83\tORCL\n2015-08-2616:51:00\t41.23\tMSFT\n2015-08-2616:51:00\t603.34\tGOOG\n2015-08-2616:52:00\t105.56\tAAPL\n2015-08-2616:52:00\t22.47\tHDP\n2015-08-2616:52:00\t35.84\tORCL\n2015-08-2616:52:00\t41.24\tMSFT\n2015-08-2616:52:00\t603.20\tGOOG\n2015-08-2616:53:00\t105.68\tAAPL\n2015-08-2616:53:00\t22.43\tHDP\n2015-08-2616:53:00\t35.86\tORCL\n2015-08-2616:53:00\t41.28\tMSFT\n2015-08-2616:53:00\t603.12\tGOOG\n2015-08-2616:54:00\t105.76\tAAPL\n2015-08-2616:54:00\t22.44\tHDP\n2015-08-2616:54:00\t35.92\tORCL\n2015-08-2616:54:00\t41.33\tMSFT\n2015-08-2616:54:00\t603.80\tGOOG\n2015-08-2616:55:00\t105.82\tAAPL\n2015-08-2616:55:00\t22.46\tHDP\n2015-08-2616:55:00\t35.93\tORCL\n2015-08-2616:55:00\t41.33\tMSFT\n2015-08-2616:55:00\t604.37\tGOOG\n2015-08-2616:56:00\t105.95\tAAPL\n2015-08-2616:56:00\t22.45\tHDP\n2015-08-2616:56:00\t35.93\tORCL\n2015-08-2616:56:00\t41.36\tMSFT\n2015-08-2616:56:00\t604.88\tGOOG\n2015-08-2616:57:00\t105.93\tAAPL\n2015-08-2616:57:00\t22.52\tHDP\n2015-08-2616:57:00\t35.94\tORCL\n"
      },
      "dateCreated": "Sep 16, 2015 12:45:19 AM",
      "dateStarted": "Sep 16, 2015 6:21:43 AM",
      "dateFinished": "Sep 16, 2015 6:21:44 AM",
      "status": "FINISHED",
      "progressUpdateIntervalMs": 500
    },
    {
      "config": {},
      "settings": {
        "params": {},
        "forms": {}
      },
      "jobName": "paragraph_1442375584284_506330624",
      "id": "20150916-035304_1441218123",
      "dateCreated": "Sep 16, 2015 3:53:04 AM",
      "status": "READY",
      "progressUpdateIntervalMs": 500
    }
  ],
  "name": "Phoenix demo",
  "id": "2B21B3AYC",
  "angularObjects": {
    "2B15Q7EHY": [],
    "2B265BV98": [],
    "2AZVEN56Q": [],
    "2B1UDTT6R": [],
    "2AXD5WGCY": [],
    "2B28A3F3W": [],
    "2AYWGYC1F": [],
    "2AZBB3XTU": [],
    "2B1U88WTW": [],
    "2B1TD1C9W": [],
    "2B2AAGW76": [],
    "2AXGMHMTW": [],
    "2AXJ5N935": [],
    "2AYTJHNMX": []
  },
  "config": {},
  "info": {}
}