{
  "paragraphs": [
    {
      "text": "import org.apache.spark.sql.hive.orc._\nimport org.apache.spark.sql._",
      "dateUpdated": "Nov 24, 2015 3:09:55 AM",
      "config": {
        "colWidth": 12.0,
        "graph": {
          "mode": "table",
          "height": 300.0,
          "optionOpen": false,
          "keys": [],
          "values": [],
          "groups": [],
          "scatter": {}
        },
        "editorMode": "ace/mode/scala"
      },
      "settings": {
        "params": {},
        "forms": {}
      },
      "jobName": "paragraph_1448334582362_-1196732034",
      "id": "20151124-030942_819920562",
      "result": {
        "code": "SUCCESS",
        "type": "TEXT",
        "msg": "import org.apache.spark.sql.hive.orc._\nimport org.apache.spark.sql._\n"
      },
      "dateCreated": "Nov 24, 2015 3:09:42 AM",
      "dateStarted": "Nov 24, 2015 3:09:55 AM",
      "dateFinished": "Nov 24, 2015 3:09:56 AM",
      "status": "FINISHED",
      "progressUpdateIntervalMs": 500
    },
    {
      "text": "val hiveContext \u003d new org.apache.spark.sql.hive.HiveContext(sc)",
      "dateUpdated": "Nov 24, 2015 3:10:07 AM",
      "config": {
        "colWidth": 12.0,
        "graph": {
          "mode": "table",
          "height": 300.0,
          "optionOpen": false,
          "keys": [],
          "values": [],
          "groups": [],
          "scatter": {}
        }
      },
      "settings": {
        "params": {},
        "forms": {}
      },
      "jobName": "paragraph_1448334595132_369747659",
      "id": "20151124-030955_355743072",
      "result": {
        "code": "SUCCESS",
        "type": "TEXT",
        "msg": "hiveContext: org.apache.spark.sql.hive.HiveContext \u003d org.apache.spark.sql.hive.HiveContext@302131e5\n"
      },
      "dateCreated": "Nov 24, 2015 3:09:55 AM",
      "dateStarted": "Nov 24, 2015 3:10:07 AM",
      "dateFinished": "Nov 24, 2015 3:10:10 AM",
      "status": "FINISHED",
      "progressUpdateIntervalMs": 500
    },
    {
      "text": "val yahoo_stocks \u003d sc.textFile(\"hdfs://sandbox.hortonworks.com:8020/tmp/yahoo_stocks.csv\")",
      "dateUpdated": "Nov 24, 2015 3:13:17 AM",
      "config": {
        "colWidth": 12.0,
        "graph": {
          "mode": "table",
          "height": 300.0,
          "optionOpen": false,
          "keys": [],
          "values": [],
          "groups": [],
          "scatter": {}
        }
      },
      "settings": {
        "params": {},
        "forms": {}
      },
      "jobName": "paragraph_1448334631825_575649618",
      "id": "20151124-031031_1422806823",
      "result": {
        "code": "SUCCESS",
        "type": "TEXT",
        "msg": "yahoo_stocks: org.apache.spark.rdd.RDD[String] \u003d MapPartitionsRDD[52] at textFile at \u003cconsole\u003e:32\n"
      },
      "dateCreated": "Nov 24, 2015 3:10:31 AM",
      "dateStarted": "Nov 24, 2015 3:13:17 AM",
      "dateFinished": "Nov 24, 2015 3:13:17 AM",
      "status": "FINISHED",
      "progressUpdateIntervalMs": 500
    },
    {
      "text": "val header \u003d yahoo_stocks.first",
      "dateUpdated": "Nov 24, 2015 3:13:26 AM",
      "config": {
        "colWidth": 12.0,
        "graph": {
          "mode": "table",
          "height": 300.0,
          "optionOpen": false,
          "keys": [],
          "values": [],
          "groups": [],
          "scatter": {}
        }
      },
      "settings": {
        "params": {},
        "forms": {}
      },
      "jobName": "paragraph_1448334797010_-503508106",
      "id": "20151124-031317_1619714944",
      "result": {
        "code": "SUCCESS",
        "type": "TEXT",
        "msg": "header: String \u003d Date,Open,High,Low,Close,Volume,Adj Close\n"
      },
      "dateCreated": "Nov 24, 2015 3:13:17 AM",
      "dateStarted": "Nov 24, 2015 3:13:26 AM",
      "dateFinished": "Nov 24, 2015 3:13:27 AM",
      "status": "FINISHED",
      "progressUpdateIntervalMs": 500
    },
    {
      "text": "header",
      "dateUpdated": "Nov 24, 2015 3:13:41 AM",
      "config": {
        "colWidth": 12.0,
        "graph": {
          "mode": "table",
          "height": 300.0,
          "optionOpen": false,
          "keys": [],
          "values": [],
          "groups": [],
          "scatter": {}
        },
        "editorMode": "ace/mode/scala"
      },
      "settings": {
        "params": {},
        "forms": {}
      },
      "jobName": "paragraph_1448334806470_336414067",
      "id": "20151124-031326_2073119245",
      "result": {
        "code": "SUCCESS",
        "type": "TEXT",
        "msg": "res165: String \u003d Date,Open,High,Low,Close,Volume,Adj Close\n"
      },
      "dateCreated": "Nov 24, 2015 3:13:26 AM",
      "dateStarted": "Nov 24, 2015 3:13:41 AM",
      "dateFinished": "Nov 24, 2015 3:13:42 AM",
      "status": "FINISHED",
      "progressUpdateIntervalMs": 500
    },
    {
      "text": "val data \u003d yahoo_stocks.filter(_(0) !\u003d header(0))",
      "dateUpdated": "Nov 24, 2015 3:14:08 AM",
      "config": {
        "colWidth": 12.0,
        "graph": {
          "mode": "table",
          "height": 300.0,
          "optionOpen": false,
          "keys": [],
          "values": [],
          "groups": [],
          "scatter": {}
        }
      },
      "settings": {
        "params": {},
        "forms": {}
      },
      "jobName": "paragraph_1448334821775_-1257200553",
      "id": "20151124-031341_625321787",
      "result": {
        "code": "SUCCESS",
        "type": "TEXT",
        "msg": "data: org.apache.spark.rdd.RDD[String] \u003d MapPartitionsRDD[53] at filter at \u003cconsole\u003e:36\n"
      },
      "dateCreated": "Nov 24, 2015 3:13:41 AM",
      "dateStarted": "Nov 24, 2015 3:14:08 AM",
      "dateFinished": "Nov 24, 2015 3:14:09 AM",
      "status": "FINISHED",
      "progressUpdateIntervalMs": 500
    },
    {
      "text": "data.first",
      "dateUpdated": "Nov 24, 2015 3:14:17 AM",
      "config": {
        "colWidth": 12.0,
        "graph": {
          "mode": "table",
          "height": 300.0,
          "optionOpen": false,
          "keys": [],
          "values": [],
          "groups": [],
          "scatter": {}
        },
        "editorMode": "ace/mode/scala"
      },
      "settings": {
        "params": {},
        "forms": {}
      },
      "jobName": "paragraph_1448334848856_-1598442179",
      "id": "20151124-031408_1030731247",
      "result": {
        "code": "SUCCESS",
        "type": "TEXT",
        "msg": "res168: String \u003d 2015-04-28,44.34,44.57,43.94,44.34,7188300,44.34\n"
      },
      "dateCreated": "Nov 24, 2015 3:14:08 AM",
      "dateStarted": "Nov 24, 2015 3:14:17 AM",
      "dateFinished": "Nov 24, 2015 3:14:17 AM",
      "status": "FINISHED",
      "progressUpdateIntervalMs": 500
    },
    {
      "text": "case class YahooStockPrice(date: String, open: Float, high: Float, low: Float, close: Float, volume: Integer, adjClose: Float)",
      "dateUpdated": "Nov 24, 2015 3:14:27 AM",
      "config": {
        "colWidth": 12.0,
        "graph": {
          "mode": "table",
          "height": 300.0,
          "optionOpen": false,
          "keys": [],
          "values": [],
          "groups": [],
          "scatter": {}
        }
      },
      "settings": {
        "params": {},
        "forms": {}
      },
      "jobName": "paragraph_1448334857487_-1600583751",
      "id": "20151124-031417_1010582924",
      "result": {
        "code": "SUCCESS",
        "type": "TEXT",
        "msg": "defined class YahooStockPrice\n"
      },
      "dateCreated": "Nov 24, 2015 3:14:17 AM",
      "dateStarted": "Nov 24, 2015 3:14:27 AM",
      "dateFinished": "Nov 24, 2015 3:14:27 AM",
      "status": "FINISHED",
      "progressUpdateIntervalMs": 500
    },
    {
      "text": "val stockprice \u003d data.map(_.split(\",\")).map(row \u003d\u003e YahooStockPrice(row(0), row(1).trim.toFloat, row(2).trim.toFloat, row(3).trim.toFloat, row(4).trim.toFloat, row(5).trim.toInt, row(6).trim.toFloat)).toDF()",
      "dateUpdated": "Nov 24, 2015 3:14:49 AM",
      "config": {
        "colWidth": 12.0,
        "graph": {
          "mode": "table",
          "height": 300.0,
          "optionOpen": false,
          "keys": [],
          "values": [],
          "groups": [],
          "scatter": {}
        }
      },
      "settings": {
        "params": {},
        "forms": {}
      },
      "jobName": "paragraph_1448334867580_200825924",
      "id": "20151124-031427_1744815861",
      "result": {
        "code": "SUCCESS",
        "type": "TEXT",
        "msg": "stockprice: org.apache.spark.sql.DataFrame \u003d [date: string, open: float, high: float, low: float, close: float, volume: int, adjClose: float]\n"
      },
      "dateCreated": "Nov 24, 2015 3:14:27 AM",
      "dateStarted": "Nov 24, 2015 3:14:49 AM",
      "dateFinished": "Nov 24, 2015 3:14:49 AM",
      "status": "FINISHED",
      "progressUpdateIntervalMs": 500
    },
    {
      "text": "stockprice.first",
      "dateUpdated": "Nov 24, 2015 3:15:19 AM",
      "config": {
        "colWidth": 12.0,
        "graph": {
          "mode": "table",
          "height": 300.0,
          "optionOpen": false,
          "keys": [],
          "values": [],
          "groups": [],
          "scatter": {}
        },
        "editorMode": "ace/mode/scala"
      },
      "settings": {
        "params": {},
        "forms": {}
      },
      "jobName": "paragraph_1448334889518_-1236565319",
      "id": "20151124-031449_998831483",
      "result": {
        "code": "SUCCESS",
        "type": "TEXT",
        "msg": "res172: org.apache.spark.sql.Row \u003d [2015-04-28,44.34,44.57,43.94,44.34,7188300,44.34]\n"
      },
      "dateCreated": "Nov 24, 2015 3:14:49 AM",
      "dateStarted": "Nov 24, 2015 3:15:19 AM",
      "dateFinished": "Nov 24, 2015 3:15:20 AM",
      "status": "FINISHED",
      "progressUpdateIntervalMs": 500
    },
    {
      "text": "stockprice.printSchema",
      "dateUpdated": "Nov 24, 2015 3:15:34 AM",
      "config": {
        "colWidth": 12.0,
        "graph": {
          "mode": "table",
          "height": 300.0,
          "optionOpen": false,
          "keys": [],
          "values": [],
          "groups": [],
          "scatter": {}
        },
        "editorMode": "ace/mode/scala"
      },
      "settings": {
        "params": {},
        "forms": {}
      },
      "jobName": "paragraph_1448334919916_1658932310",
      "id": "20151124-031519_1676499731",
      "result": {
        "code": "SUCCESS",
        "type": "TEXT",
        "msg": "root\n |-- date: string (nullable \u003d true)\n |-- open: float (nullable \u003d false)\n |-- high: float (nullable \u003d false)\n |-- low: float (nullable \u003d false)\n |-- close: float (nullable \u003d false)\n |-- volume: integer (nullable \u003d true)\n |-- adjClose: float (nullable \u003d false)\n\n"
      },
      "dateCreated": "Nov 24, 2015 3:15:19 AM",
      "dateStarted": "Nov 24, 2015 3:15:34 AM",
      "dateFinished": "Nov 24, 2015 3:15:35 AM",
      "status": "FINISHED",
      "progressUpdateIntervalMs": 500
    },
    {
      "text": "stockprice.take(5)",
      "dateUpdated": "Nov 24, 2015 3:15:52 AM",
      "config": {
        "colWidth": 12.0,
        "graph": {
          "mode": "table",
          "height": 300.0,
          "optionOpen": false,
          "keys": [],
          "values": [],
          "groups": [],
          "scatter": {}
        },
        "editorMode": "ace/mode/scala"
      },
      "settings": {
        "params": {},
        "forms": {}
      },
      "jobName": "paragraph_1448334934811_-1240520077",
      "id": "20151124-031534_1315137243",
      "result": {
        "code": "SUCCESS",
        "type": "TEXT",
        "msg": "res176: Array[org.apache.spark.sql.Row] \u003d Array([2015-04-28,44.34,44.57,43.94,44.34,7188300,44.34], [2015-04-27,44.65,45.1,44.25,44.36,10840900,44.36], [2015-04-24,43.73,44.71,43.69,44.52,11267500,44.52], [2015-04-23,43.92,44.06,43.58,43.7,14274900,43.7], [2015-04-22,44.58,44.85,43.67,43.98,32241200,43.98])\n"
      },
      "dateCreated": "Nov 24, 2015 3:15:34 AM",
      "dateStarted": "Nov 24, 2015 3:15:52 AM",
      "dateFinished": "Nov 24, 2015 3:15:55 AM",
      "status": "FINISHED",
      "progressUpdateIntervalMs": 500
    },
    {
      "text": "stockprice.registerTempTable(\"yahoo_stocks_temp\")",
      "dateUpdated": "Nov 24, 2015 3:16:12 AM",
      "config": {
        "colWidth": 12.0,
        "graph": {
          "mode": "table",
          "height": 300.0,
          "optionOpen": false,
          "keys": [],
          "values": [],
          "groups": [],
          "scatter": {}
        }
      },
      "settings": {
        "params": {},
        "forms": {}
      },
      "jobName": "paragraph_1448334952939_2036801702",
      "id": "20151124-031552_874286050",
      "result": {
        "code": "SUCCESS",
        "type": "TEXT",
        "msg": ""
      },
      "dateCreated": "Nov 24, 2015 3:15:52 AM",
      "dateStarted": "Nov 24, 2015 3:16:12 AM",
      "dateFinished": "Nov 24, 2015 3:16:12 AM",
      "status": "FINISHED",
      "progressUpdateIntervalMs": 500
    },
    {
      "text": "val results \u003d sqlContext.sql(\"SELECT * FROM yahoo_stocks_temp limit 5\")",
      "dateUpdated": "Nov 24, 2015 3:18:32 AM",
      "config": {
        "colWidth": 12.0,
        "graph": {
          "mode": "table",
          "height": 300.0,
          "optionOpen": false,
          "keys": [],
          "values": [],
          "groups": [],
          "scatter": {}
        }
      },
      "settings": {
        "params": {},
        "forms": {}
      },
      "jobName": "paragraph_1448334972566_171554359",
      "id": "20151124-031612_1063870148",
      "result": {
        "code": "SUCCESS",
        "type": "TEXT",
        "msg": "results: org.apache.spark.sql.DataFrame \u003d [date: string, open: float, high: float, low: float, close: float, volume: int, adjClose: float]\n"
      },
      "dateCreated": "Nov 24, 2015 3:16:12 AM",
      "dateStarted": "Nov 24, 2015 3:18:32 AM",
      "dateFinished": "Nov 24, 2015 3:18:32 AM",
      "status": "FINISHED",
      "progressUpdateIntervalMs": 500
    },
    {
      "text": "results",
      "dateUpdated": "Nov 24, 2015 3:18:54 AM",
      "config": {
        "colWidth": 12.0,
        "graph": {
          "mode": "table",
          "height": 300.0,
          "optionOpen": false,
          "keys": [],
          "values": [],
          "groups": [],
          "scatter": {}
        },
        "editorMode": "ace/mode/scala"
      },
      "settings": {
        "params": {},
        "forms": {}
      },
      "jobName": "paragraph_1448335073737_-992525602",
      "id": "20151124-031753_1343375336",
      "result": {
        "code": "SUCCESS",
        "type": "TEXT",
        "msg": "res182: org.apache.spark.sql.DataFrame \u003d [date: string, open: float, high: float, low: float, close: float, volume: int, adjClose: float]\n"
      },
      "dateCreated": "Nov 24, 2015 3:17:53 AM",
      "dateStarted": "Nov 24, 2015 3:18:38 AM",
      "dateFinished": "Nov 24, 2015 3:18:38 AM",
      "status": "FINISHED",
      "progressUpdateIntervalMs": 500
    },
    {
      "text": "results.map(t \u003d\u003e \"Stock Entry: \" + t.toString).collect().foreach(println)",
      "dateUpdated": "Nov 24, 2015 3:18:57 AM",
      "config": {
        "colWidth": 12.0,
        "graph": {
          "mode": "table",
          "height": 300.0,
          "optionOpen": false,
          "keys": [],
          "values": [],
          "groups": [],
          "scatter": {}
        }
      },
      "settings": {
        "params": {},
        "forms": {}
      },
      "jobName": "paragraph_1448335118397_1484503664",
      "id": "20151124-031838_613082821",
      "result": {
        "code": "SUCCESS",
        "type": "TEXT",
        "msg": "Stock Entry: [2015-04-28,44.34,44.57,43.94,44.34,7188300,44.34]\nStock Entry: [2015-04-27,44.65,45.1,44.25,44.36,10840900,44.36]\nStock Entry: [2015-04-24,43.73,44.71,43.69,44.52,11267500,44.52]\nStock Entry: [2015-04-23,43.92,44.06,43.58,43.7,14274900,43.7]\nStock Entry: [2015-04-22,44.58,44.85,43.67,43.98,32241200,43.98]\n"
      },
      "dateCreated": "Nov 24, 2015 3:18:38 AM",
      "dateStarted": "Nov 24, 2015 3:18:57 AM",
      "dateFinished": "Nov 24, 2015 3:18:58 AM",
      "status": "FINISHED",
      "progressUpdateIntervalMs": 500
    },
    {
      "text": "results.show",
      "dateUpdated": "Nov 24, 2015 3:19:15 AM",
      "config": {
        "colWidth": 12.0,
        "graph": {
          "mode": "table",
          "height": 300.0,
          "optionOpen": false,
          "keys": [],
          "values": [],
          "groups": [],
          "scatter": {}
        },
        "editorMode": "ace/mode/scala"
      },
      "settings": {
        "params": {},
        "forms": {}
      },
      "jobName": "paragraph_1448335137078_366438685",
      "id": "20151124-031857_1686786251",
      "result": {
        "code": "SUCCESS",
        "type": "TEXT",
        "msg": "+----------+-----+-----+-----+-----+--------+--------+\n|      date| open| high|  low|close|  volume|adjClose|\n+----------+-----+-----+-----+-----+--------+--------+\n|2015-04-28|44.34|44.57|43.94|44.34| 7188300|   44.34|\n|2015-04-27|44.65| 45.1|44.25|44.36|10840900|   44.36|\n|2015-04-24|43.73|44.71|43.69|44.52|11267500|   44.52|\n|2015-04-23|43.92|44.06|43.58| 43.7|14274900|    43.7|\n|2015-04-22|44.58|44.85|43.67|43.98|32241200|   43.98|\n+----------+-----+-----+-----+-----+--------+--------+\n\n"
      },
      "dateCreated": "Nov 24, 2015 3:18:57 AM",
      "dateStarted": "Nov 24, 2015 3:19:15 AM",
      "dateFinished": "Nov 24, 2015 3:19:16 AM",
      "status": "FINISHED",
      "progressUpdateIntervalMs": 500
    },
    {
      "text": "%sql SELECT * FROM yahoo_stocks_temp where high \u003e 45",
      "dateUpdated": "Nov 24, 2015 3:24:38 AM",
      "config": {
        "colWidth": 12.0,
        "graph": {
          "mode": "table",
          "height": 300.0,
          "optionOpen": true,
          "keys": [
            {
              "name": "date",
              "index": 0.0,
              "aggr": "sum"
            }
          ],
          "values": [
            {
              "name": "open",
              "index": 1.0,
              "aggr": "sum"
            }
          ],
          "groups": [],
          "scatter": {
            "xAxis": {
              "name": "date",
              "index": 0.0,
              "aggr": "sum"
            },
            "yAxis": {
              "name": "open",
              "index": 1.0,
              "aggr": "sum"
            }
          }
        },
        "editorMode": "ace/mode/sql"
      },
      "settings": {
        "params": {},
        "forms": {}
      },
      "jobName": "paragraph_1448335155544_1417233903",
      "id": "20151124-031915_1675814084",
      "result": {
        "code": "SUCCESS",
        "type": "TABLE",
        "msg": "date\topen\thigh\tlow\tclose\tvolume\tadjClose\n2015-04-27\t44.65\t45.1\t44.25\t44.36\t10840900\t44.36\n2015-04-21\t45.15\t45.18\t44.45\t44.49\t16103700\t44.49\n2015-04-17\t45.3\t45.44\t44.25\t44.45\t13305700\t44.45\n2015-04-16\t45.82\t46.13\t45.53\t45.78\t13800300\t45.78\n2015-04-15\t45.46\t45.83\t45.23\t45.73\t15033500\t45.73\n2015-04-14\t44.82\t45.64\t44.79\t45.53\t12365800\t45.53\n2015-04-13\t45.25\t45.59\t44.72\t44.77\t8837300\t44.77\n2015-04-10\t45.79\t45.79\t45.0\t45.18\t8436400\t45.18\n2015-04-09\t45.7\t46.17\t45.16\t45.63\t13678000\t45.63\n2015-04-08\t43.86\t45.19\t43.8\t45.17\t16071000\t45.17\n2015-03-31\t44.82\t45.2\t44.42\t44.44\t10415500\t44.44\n2015-03-30\t45.36\t45.42\t44.82\t44.95\t8884300\t44.95\n2015-03-27\t45.2\t45.67\t45.01\t45.1\t20563500\t45.1\n2015-03-23\t45.25\t45.54\t44.71\t44.72\t8268800\t44.72\n2015-03-20\t45.37\t45.58\t44.91\t45.04\t14194200\t45.04\n2015-03-19\t44.9\t45.45\t44.81\t44.98\t14758000\t44.98\n2015-02-03\t45.1\t45.25\t44.38\t44.7\t16985900\t44.7\n2015-01-28\t49.8\t50.32\t46.3\t46.46\t84839700\t46.46\n2015-01-27\t49.14\t49.28\t47.66\t47.99\t45777200\t47.99\n2015-01-26\t49.57\t49.79\t49.07\t49.44\t18976400\t49.44\n2015-01-23\t48.74\t49.23\t48.63\t48.95\t14294300\t48.95\n2015-01-22\t48.43\t49.08\t48.01\t48.89\t12647400\t48.89\n2015-01-21\t47.6\t48.38\t47.32\t48.18\t16305100\t48.18\n2015-01-20\t46.79\t47.89\t46.77\t47.63\t15845900\t47.63\n2015-01-16\t46.06\t46.59\t45.85\t46.47\t14681800\t46.47\n2015-01-15\t47.54\t47.75\t46.2\t46.23\t17126000\t46.23\n2015-01-14\t47.7\t48.09\t47.07\t47.51\t15911600\t47.51\n2015-01-13\t49.15\t49.48\t47.4\t48.3\t21605200\t48.3\n2015-01-12\t49.92\t49.93\t48.56\t48.8\t10170700\t48.8\n2015-01-09\t50.28\t50.41\t49.62\t49.72\t7462800\t49.72\n2015-01-08\t48.99\t50.23\t48.72\t50.23\t14704800\t50.23\n2015-01-07\t49.62\t49.64\t48.51\t48.59\t11788000\t48.59\n2015-01-06\t49.2\t49.88\t48.33\t49.21\t16204300\t49.21\n2015-01-05\t49.71\t49.88\t48.91\t49.13\t14389300\t49.13\n2015-01-02\t50.66\t50.78\t49.47\t50.17\t11924500\t50.17\n2014-12-31\t51.54\t51.68\t50.46\t50.51\t9305000\t50.51\n2014-12-30\t50.35\t51.27\t50.35\t51.22\t10703500\t51.22\n2014-12-29\t50.67\t51.01\t50.51\t50.53\t6624500\t50.53\n2014-12-26\t50.65\t51.06\t50.61\t50.86\t5169700\t50.86\n2014-12-24\t50.19\t50.92\t50.19\t50.65\t5961900\t50.65\n2014-12-23\t51.46\t51.46\t49.93\t50.02\t15514000\t50.02\n2014-12-22\t50.99\t51.6\t50.95\t51.15\t24021100\t51.15\n2014-12-19\t51.06\t51.47\t50.83\t50.88\t24110200\t50.88\n2014-12-18\t50.93\t51.15\t50.44\t50.91\t15338900\t50.91\n2014-12-17\t49.02\t50.25\t48.9\t50.12\t17112300\t50.12\n2014-12-16\t49.5\t50.08\t48.81\t48.85\t21399300\t48.85\n2014-12-15\t50.42\t50.92\t49.5\t49.82\t18132500\t49.82\n2014-12-12\t49.54\t51.17\t49.48\t50.24\t20370500\t50.24\n2014-12-11\t49.54\t50.58\t49.43\t49.94\t21100200\t49.94\n2014-12-10\t50.33\t50.69\t49.19\t49.21\t16184100\t49.21\n2014-12-09\t48.75\t50.53\t48.29\t50.51\t19655600\t50.51\n2014-12-08\t50.52\t50.9\t49.22\t49.62\t18190100\t49.62\n2014-12-05\t51.03\t51.25\t50.51\t50.99\t15418100\t50.99\n2014-12-04\t50.19\t50.67\t49.9\t50.41\t12136700\t50.41\n2014-12-03\t50.71\t50.97\t50.2\t50.28\t14236000\t50.28\n2014-12-02\t50.27\t51.12\t50.01\t50.67\t16099900\t50.67\n2014-12-01\t51.43\t51.43\t49.66\t50.1\t23146900\t50.1\n2014-11-28\t51.87\t52.0\t51.64\t51.74\t8913700\t51.74\n2014-11-26\t51.56\t52.26\t51.52\t51.93\t13428500\t51.93\n2014-11-25\t51.98\t52.19\t51.6\t51.72\t14219600\t51.72\n2014-11-24\t51.25\t51.83\t51.07\t51.83\t14643500\t51.83\n2014-11-21\t51.99\t52.25\t50.99\t51.04\t22225300\t51.04\n2014-11-20\t50.6\t52.23\t50.27\t51.25\t28916000\t51.25\n2014-11-19\t51.24\t51.37\t50.0\t50.58\t29260000\t50.58\n2014-11-18\t52.28\t52.62\t51.34\t51.75\t26847300\t51.75\n2014-11-17\t51.83\t52.42\t50.94\t52.37\t38392800\t52.37\n2014-11-14\t50.52\t51.95\t50.47\t51.75\t28824700\t51.75\n2014-11-13\t50.96\t51.17\t49.95\t50.5\t35513400\t50.5\n2014-11-12\t49.33\t50.63\t49.22\t50.6\t30564700\t50.6\n2014-11-11\t48.57\t49.18\t48.1\t49.05\t31586300\t49.05\n2014-11-10\t48.8\t49.63\t48.79\t49.41\t24730300\t49.41\n2014-11-07\t47.9\t48.67\t47.86\t48.55\t24166700\t48.55\n2014-11-06\t47.37\t47.98\t46.6\t47.93\t22636000\t47.93\n2014-11-05\t47.62\t48.28\t47.32\t47.46\t33021500\t47.46\n2014-11-04\t45.99\t47.13\t45.74\t47.08\t25051500\t47.08\n2014-11-03\t46.05\t46.72\t45.94\t46.34\t17181500\t46.34\n2014-10-31\t46.16\t46.52\t45.67\t46.05\t18446800\t46.05\n2014-10-30\t45.21\t45.84\t45.13\t45.63\t16205500\t45.63\n2014-10-29\t45.94\t45.98\t45.13\t45.43\t25389100\t45.43\n2014-10-28\t45.01\t46.15\t44.88\t45.87\t36834900\t45.87\n2004-05-11\t52.35\t54.0\t52.18\t53.53\t34553400\t26.765\n2004-05-10\t52.39\t52.4\t50.67\t51.33\t31360600\t25.665\n2004-05-07\t52.42\t53.74\t52.28\t52.8\t22879000\t26.4\n2004-05-06\t53.2\t53.2\t51.63\t52.36\t20360600\t26.18\n2004-05-05\t52.97\t53.92\t52.91\t53.16\t15579000\t26.58\n2004-05-04\t52.34\t53.86\t52.25\t52.85\t24891800\t26.425\n2004-05-03\t50.53\t52.4\t50.51\t52.3\t29483200\t26.15\n2004-04-30\t54.41\t54.59\t50.02\t50.53\t53096600\t25.265\n2004-04-29\t55.78\t56.4\t53.55\t54.71\t29266400\t27.355\n2004-04-28\t57.77\t58.32\t55.75\t55.83\t20569400\t27.915\n2004-04-27\t56.98\t58.25\t56.57\t57.54\t20146600\t28.77\n2004-04-26\t56.45\t58.35\t55.95\t57.0\t21909400\t28.5\n2004-04-23\t57.35\t57.5\t55.91\t56.75\t19840200\t28.375\n2004-04-22\t54.78\t57.97\t54.51\t57.59\t32878000\t28.795\n2004-04-21\t53.9\t54.76\t53.09\t54.58\t20465200\t27.29\n2004-04-20\t55.87\t55.95\t53.5\t53.55\t20080800\t26.775\n2004-04-19\t53.87\t55.84\t53.75\t55.69\t19227800\t27.845\n2004-04-16\t53.93\t54.78\t53.35\t54.14\t19200600\t27.07\n2004-04-15\t54.81\t54.87\t53.75\t53.9\t17628400\t26.95\n2004-04-14\t53.67\t54.95\t53.43\t54.69\t20407400\t27.345\n2004-04-13\t54.99\t55.08\t53.85\t54.14\t26006600\t27.07\n2004-04-12\t55.78\t55.97\t54.87\t55.14\t34690800\t27.57\n2004-04-08\t55.72\t56.24\t54.5\t56.21\t90565800\t28.105\n2004-04-07\t48.45\t49.25\t47.89\t48.35\t33223600\t24.175\n2004-04-06\t49.11\t49.3\t48.22\t48.77\t23672800\t24.385\n2004-04-05\t50.06\t50.99\t49.3\t49.99\t22794400\t24.995\n2004-04-02\t50.52\t50.63\t49.26\t50.15\t22649600\t25.075\n2004-04-01\t48.82\t49.71\t48.42\t49.45\t22423000\t24.725\n2004-03-31\t48.74\t49.3\t48.33\t48.47\t21079800\t24.235\n2004-03-30\t47.6\t48.86\t47.55\t48.79\t17370400\t24.395\n2004-03-29\t47.2\t47.9\t47.11\t47.69\t17705600\t23.845\n2004-03-26\t46.75\t47.53\t46.73\t47.13\t16950800\t23.565\n2004-03-25\t44.98\t46.99\t44.96\t46.94\t23709000\t23.47\n2004-03-22\t45.0\t45.15\t43.76\t44.47\t24057600\t22.235\n2004-03-19\t44.86\t46.69\t44.84\t45.75\t28441000\t22.875\n2004-03-18\t44.79\t45.29\t44.36\t45.05\t20207200\t22.525\n2004-03-17\t44.16\t45.05\t44.05\t44.85\t32029200\t22.425\n2004-03-08\t44.33\t45.43\t43.7\t43.84\t20297600\t21.92\n2004-02-23\t46.44\t46.51\t44.48\t44.91\t18639400\t22.455\n2004-02-20\t45.94\t47.0\t45.55\t46.51\t16215000\t23.255\n2004-02-19\t46.42\t46.73\t46.0\t46.0\t12007800\t23.0\n2004-02-18\t46.6\t46.74\t46.0\t46.09\t10064000\t23.045\n2004-02-17\t46.78\t47.18\t46.05\t46.57\t11648800\t23.285\n2004-02-13\t47.61\t47.87\t46.35\t46.4\t14322400\t23.2\n2004-02-12\t47.57\t48.07\t47.23\t47.52\t9577000\t23.76\n2004-02-11\t47.03\t47.94\t46.52\t47.87\t15619200\t23.935\n2004-02-10\t46.76\t47.4\t46.56\t46.89\t7743800\t23.445\n2004-02-09\t46.28\t47.25\t46.23\t46.92\t11495600\t23.46\n2004-02-06\t46.22\t46.57\t45.88\t46.49\t14507600\t23.245\n2004-02-05\t45.28\t46.7\t45.13\t46.1\t18855400\t23.05\n2004-02-04\t44.82\t46.04\t44.8\t44.95\t17276400\t22.475\n2004-02-03\t46.67\t46.68\t45.08\t45.49\t20293400\t22.745\n2004-02-02\t47.1\t47.45\t45.97\t46.7\t20970400\t23.35\n2004-01-30\t46.76\t47.14\t46.14\t46.98\t16523400\t23.49\n2004-01-29\t46.54\t46.57\t44.25\t46.09\t31658200\t23.045\n2004-01-28\t47.04\t47.3\t45.59\t46.19\t16625200\t23.095\n2004-01-27\t48.07\t48.45\t47.0\t47.04\t14656800\t23.52\n2004-01-26\t46.82\t48.23\t46.59\t48.16\t15649000\t24.08\n2004-01-23\t47.24\t47.35\t46.75\t47.09\t11179400\t23.545\n2004-01-22\t47.77\t48.21\t46.91\t47.18\t14775000\t23.59\n2004-01-21\t47.24\t47.97\t46.91\t47.38\t15065800\t23.69\n2004-01-20\t47.9\t48.0\t46.76\t47.66\t21289000\t23.83\n2004-01-16\t48.46\t48.5\t47.1\t48.11\t24108600\t24.055\n2004-01-15\t46.56\t48.8\t45.86\t48.09\t54017800\t24.045\n2004-01-14\t49.38\t49.62\t47.69\t48.39\t34347200\t24.195\n2004-01-13\t49.73\t50.41\t48.21\t48.8\t28687400\t24.4\n2004-01-12\t48.25\t49.86\t48.2\t49.74\t29919400\t24.87\n2004-01-09\t48.04\t48.76\t48.0\t48.12\t19043400\t24.06\n2004-01-08\t48.0\t48.97\t47.87\t48.58\t25469200\t24.29\n2004-01-07\t46.9\t47.76\t46.85\t47.67\t19229000\t23.835\n2004-01-06\t46.44\t47.45\t46.35\t47.24\t20527800\t23.62\n2004-01-05\t45.76\t47.11\t45.35\t46.9\t23107800\t23.45\n2004-01-02\t45.5\t45.83\t45.12\t45.4\t16480000\t22.7\n2003-12-31\t45.05\t45.48\t44.62\t45.03\t18878600\t22.515\n2003-12-30\t44.93\t45.16\t44.5\t44.93\t10980200\t22.465\n2003-12-29\t44.45\t45.1\t43.81\t44.97\t13772400\t22.485\n2003-12-26\t44.8\t45.25\t44.25\t44.29\t8493400\t22.145\n2003-12-24\t43.46\t45.34\t43.44\t44.77\t18166400\t22.385\n2000-11-21\t47.0\t48.0\t40.5625\t41.6875\t49950200\t20.84375\n2000-11-20\t50.375\t51.375\t47.875\t48.875\t18448400\t24.4375\n2000-11-17\t52.2031\t55.5\t50.0\t51.25\t21516400\t25.625\n2000-11-16\t55.0\t56.5\t52.625\t52.9375\t13573000\t26.46875\n2000-11-15\t58.25\t60.0\t54.75\t57.125\t16191200\t28.5625\n2000-11-14\t57.6875\t59.5\t55.5\t59.4375\t13959400\t29.71875\n2000-11-13\t54.8125\t59.125\t52.0\t55.3125\t19343200\t27.65625\n2000-11-10\t57.8125\t61.75\t56.125\t56.4375\t19196200\t28.21875\n2000-11-09\t60.8593\t62.875\t56.5\t58.8125\t26721000\t29.40625\n2000-11-08\t69.25\t70.625\t64.9375\t65.0\t16011400\t32.5\n2000-11-07\t65.9375\t69.125\t63.625\t68.5\t13889800\t34.25\n2000-11-06\t70.25\t70.4375\t65.375\t65.625\t14251200\t32.8125\n2000-11-03\t69.375\t70.5625\t66.625\t68.75\t20381800\t34.375\n2000-11-02\t66.5\t69.25\t64.25\t67.4375\t29210800\t33.71875\n2000-11-01\t57.7812\t67.0\t57.0\t64.3593\t34524000\t32.17965\n2000-10-31\t53.6875\t60.0\t52.5\t58.625\t23011600\t29.3125\n2000-10-30\t53.8125\t55.625\t51.0\t52.625\t16900200\t26.3125\n2000-10-27\t57.125\t58.4375\t53.1875\t55.25\t14792400\t27.625\n2000-10-26\t56.75\t57.0\t50.875\t56.0\t19796600\t28.0\n2000-10-25\t60.875\t61.7968\t54.0937\t55.5625\t20160200\t27.78125\n2000-10-24\t61.4375\t64.25\t58.0\t58.625\t23606200\t29.3125\n2000-10-23\t60.25\t62.0937\t59.0625\t59.625\t15772600\t29.8125\n2000-10-20\t59.375\t63.75\t56.6875\t59.0\t25588200\t29.5\n2000-10-19\t57.375\t60.125\t53.6875\t59.5625\t34329800\t29.78125\n2000-10-18\t46.4375\t54.25\t45.0625\t52.75\t59887600\t26.375\n2000-10-17\t55.9375\t56.125\t47.4375\t48.9375\t58899000\t24.46875\n2000-10-16\t60.75\t61.625\t55.0625\t55.25\t31040200\t27.625\n2000-10-13\t55.1875\t60.375\t54.75\t60.0\t56348600\t30.0\n2000-10-12\t66.6875\t66.75\t55.4375\t56.625\t63441200\t28.3125\n2000-10-11\t72.6875\t73.5625\t65.0\t65.375\t92244000\t32.6875\n2000-10-10\t87.375\t88.75\t81.875\t82.6875\t38555200\t41.34375\n2000-10-09\t81.5625\t87.5\t75.5\t85.75\t25993800\t42.875\n2000-10-06\t85.5\t86.0\t79.4375\t81.25\t23314400\t40.625\n2000-10-05\t88.5\t90.625\t83.5\t84.6875\t19689600\t42.34375\n2000-10-04\t84.4375\t88.75\t82.5\t87.9375\t18776000\t43.96875\n2000-10-03\t87.5\t90.75\t82.625\t84.0\t25678000\t42.0\n2000-10-02\t91.5625\t91.875\t84.125\t86.0625\t25121600\t43.03125\n2000-09-29\t97.125\t97.25\t90.5\t91.0\t13879800\t45.5\n2000-09-28\t91.375\t97.0\t89.9375\t95.6875\t27555400\t47.84375\n2000-09-27\t102.75\t102.75\t88.0\t90.375\t59994600\t45.1875\n2000-09-26\t106.0\t106.0625\t100.5\t102.4375\t14132200\t51.21875\n2000-09-25\t110.3437\t112.375\t105.0625\t105.5\t10145800\t52.75\n2000-09-22\t103.875\t112.0\t103.875\t111.4375\t12025600\t55.71875\n2000-09-21\t108.8593\t112.125\t108.0\t108.125\t8599200\t54.0625\n2000-09-20\t109.25\t112.4375\t107.625\t109.6875\t16960800\t54.84375\n2000-09-19\t105.5\t108.25\t105.125\t108.0625\t9642600\t54.03125\n2000-09-18\t104.1875\t107.5\t102.375\t105.0625\t11642800\t52.53125\n2000-09-15\t107.0\t107.5\t104.375\t105.875\t13341000\t52.9375\n2000-09-14\t107.8125\t109.375\t106.0\t106.9375\t11057000\t53.46875\n2000-09-13\t105.5625\t108.1875\t104.5\t106.375\t11120400\t53.1875\n2000-09-12\t108.8125\t110.2343\t105.0\t107.0\t12909600\t53.5\n2000-09-11\t103.25\t109.375\t102.875\t106.3125\t17564200\t53.15625\n2000-09-08\t107.1875\t109.375\t99.75\t104.125\t36988200\t52.0625\n2000-09-07\t110.5625\t114.75\t106.0\t106.9375\t35515800\t53.46875\n2000-09-06\t117.375\t117.75\t112.0\t112.0625\t19088600\t56.03125\n2000-09-05\t111.875\t119.25\t110.375\t117.125\t27535600\t58.5625\n2000-09-01\t117.875\t117.9375\t110.125\t113.9375\t35473000\t56.96875\n2000-08-31\t123.625\t124.0\t120.75\t121.5\t11091400\t60.75\n2000-08-30\t121.6875\t124.5\t120.5156\t123.25\t15051800\t61.625\n2000-08-29\t120.7343\t126.75\t120.0\t121.0\t27184600\t60.5\n2000-08-28\t128.5\t131.5\t120.625\t122.0625\t39080600\t61.03125\n2000-08-25\t138.8125\t139.6875\t132.875\t134.25\t13895600\t67.125\n2000-08-24\t133.375\t140.0\t132.125\t139.8125\t19643800\t69.90625\n2000-08-23\t125.75\t134.375\t124.9375\t133.8125\t14610600\t66.90625\n2000-08-22\t129.0\t130.0\t126.3125\t127.5\t18488000\t63.75\n2000-08-21\t124.6875\t130.5625\t123.25\t130.4375\t15705600\t65.21875\n2000-08-18\t130.375\t131.375\t125.0\t125.1875\t14911600\t62.59375\n2000-08-17\t133.3125\t134.125\t130.875\t131.125\t11038200\t65.5625\n2000-08-16\t134.5\t138.0\t133.5\t134.0\t11161800\t67.0\n2000-08-15\t131.1875\t135.25\t131.125\t132.3125\t6694400\t66.15625\n2000-08-14\t129.25\t133.75\t128.1875\t132.375\t8142800\t66.1875\n2000-08-11\t128.25\t129.75\t125.375\t128.625\t7436000\t64.3125\n2000-08-10\t132.5625\t133.8125\t128.3125\t129.3125\t6857000\t64.65625\n2000-08-09\t136.375\t137.5\t132.5\t132.6875\t8145800\t66.34375\n2000-08-08\t135.1875\t138.0\t133.0625\t134.125\t8953400\t67.0625\n2000-08-07\t133.4687\t137.75\t130.75\t136.5\t9502600\t68.25\n2000-08-04\t132.75\t136.875\t131.25\t133.9375\t10833600\t66.96875\n2000-08-03\t124.875\t131.5625\t123.5\t131.1875\t12216200\t65.59375\n2000-08-02\t126.6875\t133.0625\t126.25\t127.125\t9287400\t63.5625\n2000-08-01\t128.5\t130.0\t126.0\t127.4375\t8777800\t63.71875\n2000-07-31\t126.1875\t129.75\t122.75\t128.6875\t11073200\t64.34375\n2000-07-28\t134.6875\t136.75\t126.0625\t126.75\t14022600\t63.375\n2000-07-27\t134.1875\t136.625\t131.3125\t134.0625\t11889800\t67.03125\n2000-07-26\t136.3125\t139.25\t133.6875\t135.9375\t11078600\t67.96875\n2000-07-25\t134.0625\t139.375\t130.375\t138.0\t12744800\t69.0\n2000-07-24\t136.875\t138.75\t132.25\t132.5625\t12922000\t66.28125\n2000-07-21\t138.125\t140.75\t137.5625\t138.3125\t10598400\t69.15625\n2000-07-20\t134.0\t142.6875\t133.6875\t139.8125\t19580200\t69.90625\n2000-07-19\t130.0625\t138.0\t130.0\t134.0\t20859200\t67.0\n2000-07-18\t129.375\t133.375\t127.125\t129.9375\t15129400\t64.96875\n2000-07-17\t126.75\t133.5\t125.0625\t131.625\t15484200\t65.8125\n2000-07-14\t124.625\t128.25\t122.5\t128.0\t18338800\t64.0\n2000-07-13\t125.5625\t127.125\t121.5156\t122.5625\t20465600\t61.28125\n2000-07-12\t120.5\t127.375\t116.875\t124.9375\t74122200\t62.46875\n2000-07-11\t104.9375\t106.5625\t99.875\t105.5\t61754000\t52.75\n2000-07-10\t113.8125\t114.0\t109.7187\t110.0\t23104200\t55.0\n2000-07-07\t117.0625\t118.5\t115.0\t116.5\t25520400\t58.25\n2000-07-06\t121.375\t124.1875\t118.5\t122.375\t11706400\t61.1875\n2000-07-05\t126.0\t127.875\t120.25\t120.8125\t8643000\t60.40625\n2000-07-03\t122.5\t128.25\t122.125\t127.875\t4773200\t63.9375\n2000-06-30\t118.8125\t124.5\t118.8125\t123.875\t9068000\t61.9375\n2000-06-29\t122.5625\t126.0\t118.75\t119.3125\t12176400\t59.65625\n2000-06-28\t125.3125\t127.625\t123.125\t123.5625\t13065200\t61.78125\n2000-06-27\t118.875\t128.875\t118.75\t125.9375\t20571400\t62.96875\n2000-06-26\t124.5\t124.875\t117.125\t119.3125\t23421800\t59.65625\n2000-06-23\t129.25\t130.0\t122.25\t125.3125\t18099800\t62.65625\n2000-06-22\t141.875\t142.125\t131.625\t131.6875\t16783000\t65.84375\n2000-06-21\t142.3125\t145.5625\t140.5\t142.8125\t15826200\t71.40625\n2000-06-20\t140.375\t150.0\t140.3125\t148.0\t20704400\t74.0\n2000-06-19\t140.0\t140.625\t135.9375\t139.0625\t14533600\t69.53125\n2000-06-16\t139.875\t141.25\t135.5\t140.9375\t13738800\t70.46875\n2000-06-15\t138.25\t141.75\t134.8125\t139.6875\t10597600\t69.84375\n2000-06-14\t140.0625\t141.5\t137.125\t139.5\t8810400\t69.75\n2000-06-13\t136.6875\t139.5625\t131.25\t139.5\t14961200\t69.75\n2000-06-12\t145.0\t145.5\t136.75\t137.4375\t11717000\t68.71875\n2000-06-09\t146.5625\t146.7656\t142.25\t143.1875\t8727400\t71.59375\n2000-06-08\t146.875\t147.75\t140.5\t144.0\t17499800\t72.0\n2000-06-07\t138.5\t146.0\t135.5\t144.5\t20657200\t72.25\n2000-06-06\t135.75\t142.1875\t135.0\t135.0625\t13933800\t67.53125\n2000-06-05\t130.875\t141.9375\t130.5\t137.3125\t17966800\t68.65625\n2000-06-02\t129.8593\t134.875\t127.3125\t134.5\t22187400\t67.25\n2000-06-01\t116.1875\t122.0\t115.625\t120.0625\t16573800\t60.03125\n2000-05-31\t113.75\t117.3125\t112.8125\t113.0625\t28353800\t56.53125\n2000-05-30\t115.6875\t120.0\t114.5\t117.0\t17734000\t58.5\n2000-05-26\t114.5\t116.125\t111.0\t112.0625\t12662200\t56.03125\n2000-05-25\t121.5\t123.625\t113.0\t115.0\t18788800\t57.5\n2000-05-24\t117.5\t124.0\t112.0\t122.75\t22729200\t61.375\n2000-05-23\t125.25\t127.375\t118.0\t118.3125\t17904400\t59.15625\n2000-05-22\t120.125\t128.0\t113.25\t126.25\t31994400\t63.125\n2000-05-19\t131.375\t134.6875\t120.0\t120.3125\t28261600\t60.15625\n2000-05-18\t137.5\t137.5625\t130.0\t132.0\t15213200\t66.0\n2000-05-17\t132.5\t139.75\t131.875\t137.8125\t20842400\t68.90625\n2000-05-16\t133.375\t138.25\t130.0\t135.625\t20359400\t67.8125\n2000-05-15\t125.125\t130.0\t120.6406\t130.0\t11592000\t65.0\n2000-05-12\t126.5\t131.4375\t125.0625\t125.6875\t14853400\t62.84375\n2000-05-11\t121.8125\t126.0\t119.5\t125.3125\t14962800\t62.65625\n2000-05-10\t115.3125\t122.5\t112.5\t118.8906\t18772600\t59.4453\n2000-05-09\t121.5\t122.25\t115.0\t117.4375\t13656200\t58.71875\n2000-05-08\t122.9375\t125.5\t120.5\t120.75\t7958800\t60.375\n2000-05-05\t122.0\t128.0\t122.0\t125.6875\t8375000\t62.84375\n2000-05-04\t124.5\t127.0\t121.0625\t124.1875\t13000000\t62.09375\n2000-05-03\t120.3125\t124.75\t116.0625\t122.0625\t14383000\t61.03125\n2000-05-02\t129.125\t131.5\t121.625\t122.5625\t13658200\t61.28125\n2000-05-01\t134.75\t136.0\t126.9375\t130.875\t14252400\t65.4375\n2000-04-28\t126.75\t131.875\t125.5\t130.25\t14908800\t65.125\n2000-04-27\t114.5\t126.75\t113.0\t124.3125\t19964200\t62.15625\n2000-04-26\t124.5\t126.875\t118.25\t119.125\t16669600\t59.5625\n2000-04-25\t118.75\t127.0\t118.75\t124.5\t25156400\t62.25\n2000-04-24\t115.0\t119.125\t107.0\t113.875\t21974800\t56.9375\n2000-04-20\t126.5\t129.125\t119.5\t123.125\t13100600\t61.5625\n2000-04-19\t129.375\t134.5\t122.0\t125.875\t18326000\t62.9375\n2000-04-18\t116.9375\t127.5\t115.5\t126.6875\t24866000\t63.34375\n2000-04-17\t111.25\t122.9375\t108.0\t114.375\t44468600\t57.1875\n2000-04-14\t130.25\t135.25\t111.0\t116.0\t38466800\t58.0\n2000-04-13\t136.9687\t148.125\t134.3125\t136.125\t28022800\t68.0625\n2000-04-12\t136.625\t142.9375\t130.5\t136.1875\t29695800\t68.09375\n2000-04-11\t139.5625\t142.5\t132.5\t133.5\t28853600\t66.75\n2000-04-10\t152.875\t153.0\t141.0\t141.9375\t24860000\t70.96875\n2000-04-07\t156.75\t160.0\t150.75\t151.125\t24960400\t75.5625\n2000-04-06\t161.9375\t171.25\t150.6875\t154.0\t55990400\t77.0\n2000-04-05\t162.0\t169.875\t158.5\t165.5625\t27371800\t82.78125\n2000-04-04\t165.0\t171.0\t132.75\t167.375\t42528400\t83.6875\n2000-04-03\t168.75\t173.0\t159.375\t160.125\t19322800\t80.0625\n2000-03-31\t175.25\t177.25\t160.5\t171.375\t21684000\t85.6875\n2000-03-30\t172.5\t187.0625\t160.25\t169.5\t31733800\t84.75\n2000-03-29\t193.4375\t196.5\t174.0\t177.0625\t21540000\t88.53125\n2000-03-28\t197.0\t200.75\t192.0\t195.0\t12830200\t97.5\n2000-03-27\t195.625\t205.1875\t195.0\t200.75\t17279800\t100.375\n2000-03-24\t193.5\t201.0\t188.0\t194.0\t14707800\t97.0\n2000-03-23\t193.375\t203.0\t190.5\t191.0\t14708600\t95.5\n2000-03-22\t189.4375\t205.625\t188.5\t197.1875\t31384600\t98.59375\n2000-03-21\t173.0\t193.25\t168.5625\t191.75\t25232800\t95.875\n2000-03-20\t172.1875\t175.375\t165.25\t172.0156\t10404600\t86.0078\n2000-03-17\t169.125\t176.9375\t169.0\t171.125\t11223000\t85.5625\n2000-03-16\t159.1875\t173.0\t156.0625\t170.1875\t17049200\t85.09375\n2000-03-15\t168.75\t169.0\t155.125\t158.5\t17643400\t79.25\n2000-03-14\t178.5\t183.5312\t167.9375\t168.75\t15768600\t84.375\n2000-03-13\t168.125\t180.5\t168.0\t175.8125\t12033000\t87.90625\n2000-03-10\t181.1718\t183.0\t175.625\t178.0625\t10406600\t89.03125\n2000-03-09\t175.25\t185.0\t172.0\t183.25\t17405000\t91.625\n2000-03-08\t174.625\t181.0\t165.0\t177.0\t17234400\t88.5\n2000-03-07\t174.875\t180.375\t168.0\t171.375\t17345600\t85.6875\n2000-03-06\t163.5\t177.0\t162.7343\t171.5625\t25566400\t85.78125\n2000-03-03\t156.0\t163.0\t151.0\t158.0\t14972000\t79.0\n2000-03-02\t155.0156\t159.0\t152.0\t154.9375\t12227400\t77.46875\n2000-03-01\t157.5\t163.0\t155.0\t158.5\t11652200\t79.25\n2000-02-29\t164.4375\t169.875\t155.5\t159.6875\t13684600\t79.84375\n2000-02-28\t161.4843\t164.75\t152.125\t161.9375\t18420200\t80.96875\n2000-02-25\t165.625\t170.3125\t160.3125\t165.1875\t11418000\t82.59375\n2000-02-24\t166.4843\t171.625\t159.25\t168.0625\t16506000\t84.03125\n2000-02-23\t153.625\t170.0\t153.0\t166.2031\t21189800\t83.10155\n2000-02-22\t156.875\t157.0\t148.9375\t153.8125\t17691600\t76.90625\n2000-02-18\t161.25\t163.1875\t155.375\t156.125\t14643800\t78.0625\n2000-02-17\t165.875\t168.0\t161.0625\t163.1875\t12434600\t81.59375\n2000-02-16\t168.25\t170.0\t160.0\t161.5625\t12820400\t80.78125\n2000-02-15\t166.375\t173.25\t156.0\t170.0\t21323200\t85.0\n2000-02-14\t173.5\t173.75\t163.75\t165.75\t15165600\t82.875\n2000-02-11\t363.875\t365.0\t341.75\t342.68753\t19158400\t85.67188\n2000-02-10\t362.5\t366.0\t353.93753\t365.0\t17980400\t91.25\n2000-02-09\t370.0\t377.25\t360.125\t362.31247\t23918800\t90.57812\n2000-02-08\t359.0\t379.81247\t358.5\t373.125\t29828800\t93.28125\n2000-02-07\t354.0468\t363.0\t347.0\t354.0\t20864400\t88.5\n2000-02-04\t364.5\t372.5\t347.0\t353.5\t33816000\t88.375\n2000-02-03\t334.8593\t361.0\t334.0\t360.25\t39057600\t90.0625\n2000-02-02\t321.4843\t337.0\t317.0\t328.0\t26813200\t82.0\n2000-02-01\t319.43753\t329.75\t310.81247\t317.375\t24690800\t79.34375\n2000-01-31\t310.0\t322.06247\t303.0\t322.06247\t35825200\t80.51562\n2000-01-28\t333.56247\t343.0\t309.625\t313.5\t36656000\t78.375\n2000-01-27\t332.43753\t339.56247\t325.125\t337.375\t19222000\t84.34375\n2000-01-26\t340.5\t343.4843\t327.75\t328.56247\t19404000\t82.14062\n2000-01-25\t327.0\t347.0\t316.25\t345.56247\t34588000\t86.39062\n2000-01-24\t353.93753\t360.5\t324.0\t324.31247\t25329200\t81.07812\n2000-01-21\t355.0\t360.0\t348.0\t351.93753\t17615200\t87.98438\n2000-01-20\t369.06247\t371.93753\t349.0\t351.93753\t31349600\t87.98438\n2000-01-19\t336.0\t367.375\t336.0\t364.0\t31800000\t91.0\n2000-01-18\t341.75\t350.0\t335.0\t341.18753\t30706000\t85.29688\n2000-01-14\t355.0\t363.0\t342.0\t353.0\t49232800\t88.25\n2000-01-13\t366.5\t377.375\t338.0\t346.875\t67762800\t86.71875\n2000-01-12\t389.875\t394.0\t355.0\t357.56247\t74100000\t89.39062\n2000-01-11\t423.875\t426.25\t392.0\t397.375\t75761600\t99.34375\n2000-01-10\t432.5\t451.25\t420.0\t436.06247\t61022400\t109.01562\n2000-01-07\t366.75\t408.0\t363.0\t407.25\t48999600\t101.8125\n2000-01-06\t406.25\t413.0\t361.0\t368.18753\t71301200\t92.04688\n2000-01-05\t430.5\t431.125\t402.0\t410.5\t83194800\t102.625\n2000-01-04\t464.5\t500.125\t442.0\t443.0\t69868800\t110.75\n2000-01-03\t442.9218\t477.0\t429.5\t475.0\t38469600\t118.75\n1999-12-31\t420.43753\t441.5\t410.06247\t432.68753\t10116400\t108.17188\n1999-12-30\t421.75\t448.0\t406.75\t416.06247\t24972400\t104.01562\n1999-12-29\t396.43753\t410.0\t394.0\t403.68753\t11763200\t100.92188\n1999-12-28\t410.0\t420.0\t390.0\t390.25\t20896400\t97.5625\n1999-12-27\t393.75\t428.06247\t377.875\t415.0\t38158000\t103.75\n1999-12-23\t417.5\t426.25\t400.0\t402.625\t18468400\t100.65625\n1999-12-22\t405.75\t421.18753\t394.75\t419.31247\t34557200\t104.82812\n1999-12-21\t367.625\t408.31247\t364.81247\t405.56247\t40430400\t101.39062\n1999-12-20\t348.0\t369.875\t346.0\t369.5\t27528400\t92.375\n1999-12-17\t344.75\t352.125\t337.0\t350.0\t20652000\t87.5\n1999-12-16\t332.5\t341.875\t332.375\t341.0\t19881200\t85.25\n1999-12-15\t327.375\t334.75\t315.5\t327.5\t33132400\t81.875\n1999-12-14\t348.25\t350.5\t333.0\t333.125\t28800000\t83.28125\n1999-12-13\t348.0156\t356.25\t344.5\t351.06247\t22786400\t87.76562\n1999-12-10\t346.75\t357.5\t334.25\t353.5\t38182800\t88.375\n1999-12-09\t319.875\t341.25\t312.06247\t340.0\t45672000\t85.0\n1999-12-08\t324.0\t329.31247\t311.0\t319.625\t99627600\t79.90625\n1999-12-07\t296.0\t353.0\t286.125\t348.0\t265342000\t87.0\n1999-12-06\t253.0\t282.0\t250.68752\t280.81247\t64394800\t70.20312\n1999-12-03\t249.98428\t258.75\t248.93752\t253.0\t40032400\t63.25\n1999-12-02\t230.375\t249.75\t227.75\t245.81248\t39232400\t61.45312\n1999-12-01\t230.0\t234.0\t224.93752\t228.875\t52774000\t57.21875\n1999-11-30\t223.43752\t223.625\t210.5\t212.75\t24242400\t53.1875\n1999-11-29\t229.25\t234.5\t224.875\t226.125\t18530400\t56.53125\n1999-11-26\t233.0\t235.25\t225.375\t226.875\t8035600\t56.71875\n1999-11-24\t226.25\t233.0\t225.25\t231.0\t22665200\t57.75\n1999-11-23\t226.0\t229.25\t218.0\t221.18752\t25955600\t55.29688\n1999-11-22\t219.5\t230.18752\t218.0\t226.81248\t22806400\t56.70312\n1999-11-19\t213.93752\t219.18752\t210.0\t218.75\t17340400\t54.6875\n1999-11-18\t206.625\t215.5\t203.0\t213.875\t16049600\t53.46875\n1999-11-17\t211.06248\t212.0\t204.875\t206.18752\t16416800\t51.54688\n1999-11-16\t205.68752\t212.93752\t203.68752\t212.56248\t23657200\t53.14062\n1999-11-15\t196.0\t207.5\t195.375\t205.0\t23674800\t51.25\n1999-11-12\t196.0\t198.875\t190.25\t196.93752\t17907200\t49.23438\n1999-11-11\t198.5\t203.0\t192.25\t193.125\t15894400\t48.28125\n1999-11-10\t193.375\t202.375\t193.25\t197.68752\t26834000\t49.42188\n1999-11-09\t199.25\t199.5\t192.25\t194.56248\t29762000\t48.64062\n1999-11-08\t182.625\t199.625\t181.875\t197.18752\t39462400\t49.29688\n1999-11-05\t186.125\t186.5\t183.0\t183.43752\t19503200\t45.85938\n1999-11-04\t183.06248\t185.5\t181.31248\t182.125\t22840400\t45.53125\n1999-11-03\t179.43752\t182.375\t178.625\t180.625\t18202400\t45.15625\n1999-11-02\t181.0\t181.5\t176.875\t178.0\t16212000\t44.5\n1999-11-01\t179.5\t183.0\t178.0\t180.68752\t22136000\t45.17188\n1999-10-29\t178.5\t180.0\t177.0\t179.06248\t29416400\t44.76562\n1999-10-28\t174.06248\t179.5\t172.75\t175.0\t29123600\t43.75\n1999-10-27\t177.5\t177.625\t172.0\t174.18752\t14534800\t43.54688\n1999-10-26\t179.25\t180.125\t174.0\t179.18752\t12201600\t44.79688\n1999-10-25\t176.59372\t180.25\t176.25\t178.75\t15003200\t44.6875\n1999-10-22\t182.25\t183.81248\t177.25\t178.125\t20509200\t44.53125\n1999-10-21\t176.875\t182.875\t176.25\t181.93752\t38491600\t45.48438\n1999-10-20\t176.75\t180.5\t173.375\t180.1406\t29566000\t45.03515\n1999-10-19\t174.5\t176.75\t173.625\t174.875\t35864000\t43.71875\n1999-10-18\t169.68752\t172.75\t164.5\t170.375\t33723200\t42.59375\n1999-10-15\t167.0\t172.75\t165.31248\t169.56248\t44574800\t42.39062\n1999-10-14\t169.93752\t173.93752\t167.375\t173.375\t42182000\t43.34375\n1999-10-13\t173.18752\t177.0\t167.25\t167.56248\t45434800\t41.89062\n1999-10-12\t181.875\t181.93752\t172.0\t173.875\t45610000\t43.46875\n1999-10-11\t187.0\t188.0\t180.0\t181.375\t70550400\t45.34375\n1999-10-08\t188.0\t192.375\t185.06248\t192.125\t37374800\t48.03125\n1999-10-07\t184.68752\t193.06248\t182.0\t190.25\t99988000\t47.5625\n1999-10-06\t176.0\t176.93752\t171.56248\t175.75\t35948400\t43.9375\n1999-10-05\t172.21872\t177.81248\t167.75\t173.31248\t52034800\t43.32812\n1999-10-04\t177.18752\t178.5\t166.625\t171.18752\t34314400\t42.79688\n1999-10-01\t178.5\t180.0\t172.625\t175.43752\t24662400\t43.85938\n1999-09-30\t179.625\t181.43752\t174.75\t179.5\t23179600\t44.875\n1999-09-29\t182.0\t187.0\t178.68752\t179.31248\t26710400\t44.82812\n1999-09-28\t181.25\t185.875\t175.25\t184.68752\t32783600\t46.17188\n1999-09-27\t186.0\t187.375\t178.31248\t181.375\t38259200\t45.34375\n1999-09-24\t173.31248\t185.0\t173.31248\t183.31248\t56219600\t45.82812\n1999-09-23\t180.31248\t186.43752\t171.25\t173.75\t66187200\t43.4375\n1999-09-22\t169.5\t180.0\t168.625\t179.5\t47312800\t44.875\n1999-09-21\t165.81248\t175.0\t164.31248\t169.56248\t43461600\t42.39062\n1999-09-20\t164.5\t168.75\t164.0\t168.375\t20120000\t42.09375\n1999-09-17\t162.81248\t166.625\t161.06248\t163.125\t19720000\t40.78125\n1999-09-16\t162.125\t163.875\t157.31248\t163.43752\t25113200\t40.85938\n1999-09-15\t168.25\t169.75\t162.25\t162.375\t26740800\t40.59375\n1999-09-14\t159.75\t167.93752\t159.68752\t165.18752\t25134000\t41.29688\n1999-09-13\t166.75\t167.75\t160.5\t160.75\t28529600\t40.1875\n1999-09-10\t165.625\t172.06248\t165.0\t170.5\t41157200\t42.625\n1999-09-09\t157.81248\t163.375\t157.81248\t162.68752\t41091200\t40.67188\n1999-09-08\t152.81248\t155.5\t151.81248\t153.43752\t17771200\t38.35938\n1999-09-07\t153.56248\t157.0\t152.06248\t155.0\t24489600\t38.75\n1999-09-03\t147.625\t155.06248\t146.875\t155.0\t33040800\t38.75\n1999-09-02\t140.25\t144.5156\t139.375\t141.56248\t21898800\t35.39062\n1999-09-01\t148.75\t149.375\t142.31248\t143.31248\t17971600\t35.82812\n1999-08-31\t142.43752\t148.25\t139.25\t147.5\t42270800\t36.875\n1999-08-30\t148.5\t149.75\t142.56248\t143.81248\t17183600\t35.95312\n1999-08-27\t153.375\t153.5\t147.25\t149.0\t20174400\t37.25\n1999-08-26\t157.5\t160.5\t152.375\t152.68752\t23626800\t38.17188\n1999-08-25\t154.75\t159.06248\t153.5\t158.56248\t25081200\t39.64062\n1999-08-24\t149.93752\t159.5\t149.875\t152.93752\t46909600\t38.23438\n1999-08-23\t147.0\t153.5\t146.875\t152.125\t42162000\t38.03125\n1999-08-20\t139.625\t145.31248\t138.5\t145.0\t20089600\t36.25\n1999-08-19\t141.5\t143.5\t138.0\t139.18752\t31132400\t34.79688\n1999-08-18\t143.25\t149.5\t143.0\t145.06248\t41488000\t36.26562\n1999-08-17\t136.375\t139.5\t135.25\t138.875\t29511600\t34.71875\n1999-08-16\t132.0\t135.375\t130.75\t134.5\t20766000\t33.625\n1999-08-13\t132.375\t134.0\t129.75\t132.81248\t24487600\t33.20312\n1999-08-12\t128.0\t133.25\t126.56248\t128.375\t31806800\t32.09375\n1999-08-11\t130.25\t131.625\t122.56248\t128.06248\t47123600\t32.01562\n1999-08-10\t120.75\t128.75\t116.0\t127.5\t59756000\t31.875\n1999-08-09\t128.125\t128.875\t120.0156\t121.18752\t30964400\t30.29688\n1999-08-06\t131.125\t136.0\t125.75\t126.93752\t58423200\t31.73438\n1999-08-05\t120.125\t129.625\t110.0\t128.375\t93246000\t32.09375\n1999-08-04\t125.0\t127.75\t119.75\t121.0\t45760800\t30.25\n1999-08-03\t134.43752\t134.43752\t122.875\t125.375\t60916800\t31.34375\n1999-08-02\t135.06248\t139.75\t132.0\t132.31248\t24568000\t33.07812\n1999-07-30\t137.75\t140.5\t133.5\t136.43752\t25167200\t34.10938\n1999-07-29\t139.125\t140.0\t134.0\t137.0\t42611200\t34.25\n1999-07-28\t133.43752\t143.21872\t131.5\t143.0\t46910800\t35.75\n1999-07-27\t138.125\t140.5\t131.06248\t131.31248\t39426000\t32.82812\n1999-07-26\t141.5\t143.875\t132.0\t134.31248\t41694400\t33.57812\n1999-07-23\t146.56248\t148.125\t143.56248\t145.75\t19178800\t36.4375\n1999-07-22\t148.31248\t151.5\t143.06248\t145.125\t39331200\t36.28125\n1999-07-21\t142.875\t152.5\t142.25\t151.875\t32751200\t37.96875\n1999-07-20\t148.125\t150.5\t141.75\t142.125\t24332400\t35.53125\n1999-07-19\t150.875\t152.5\t147.5\t149.5\t25438400\t37.375\n1999-07-16\t153.75\t155.5\t149.875\t150.25\t20528000\t37.5625\n1999-07-15\t160.5\t161.75\t153.0\t154.43752\t24413600\t38.60938\n1999-07-14\t159.75\t161.5\t156.875\t159.43752\t36978400\t39.85938\n1999-07-13\t147.875\t158.0\t145.0\t156.93752\t47375200\t39.23438\n1999-07-12\t159.5\t159.75\t150.0\t150.25\t47432400\t37.5625\n1999-07-09\t165.43752\t167.0\t159.0\t160.0\t28462000\t40.0\n1999-07-08\t173.81248\t175.25\t162.0\t164.43752\t67836800\t41.10938\n1999-07-07\t172.25\t174.0\t165.0\t167.06248\t67031200\t41.76562\n1999-07-06\t182.5\t189.25\t172.5\t175.125\t62996800\t43.78125\n1999-07-02\t177.0\t178.875\t172.5\t178.125\t29583200\t44.53125\n1999-07-01\t174.375\t179.875\t171.81248\t177.25\t46766800\t44.3125\n1999-06-30\t159.875\t178.375\t157.81248\t172.25\t59339600\t43.0625\n1999-06-29\t155.81248\t164.31248\t153.0\t160.0\t45476000\t40.0\n1999-06-28\t147.56248\t156.5\t147.56248\t156.5\t38500400\t39.125\n1999-06-25\t152.75\t153.875\t145.0\t146.875\t21633200\t36.71875\n1999-06-24\t155.0\t155.68752\t147.0\t151.0\t28072800\t37.75\n1999-06-23\t149.75\t156.5\t146.25\t155.5\t42335200\t38.875\n1999-06-22\t157.375\t166.125\t150.5\t152.5\t50848000\t38.125\n1999-06-21\t148.5\t160.5\t148.0\t158.875\t50007600\t39.71875\n1999-06-18\t141.375\t145.5\t140.5\t144.43752\t17448800\t36.10938\n1999-06-17\t139.625\t149.93752\t137.25\t142.25\t48852400\t35.5625\n1999-06-16\t133.25\t143.5\t125.18752\t141.625\t59128800\t35.40625\n1999-06-15\t117.625\t129.625\t117.625\t125.25\t49996000\t31.3125\n1999-06-14\t134.68752\t134.875\t118.0\t119.25\t50811600\t29.8125\n1999-06-11\t144.375\t146.5\t134.25\t135.25\t25944000\t33.8125\n1999-06-10\t143.68752\t147.875\t140.75\t144.75\t20716000\t36.1875\n1999-06-09\t144.875\t149.18752\t143.06248\t146.375\t23841200\t36.59375\n1999-06-08\t152.375\t153.5\t142.5312\t143.31248\t27203600\t35.82812\n1999-06-07\t146.625\t157.75\t144.25\t151.875\t36826000\t37.96875\n1999-06-04\t136.125\t147.75\t134.0\t147.43752\t36142000\t36.85938\n1999-06-03\t142.5\t144.5\t133.5\t135.375\t30196000\t33.84375\n1999-06-02\t136.25\t149.0\t130.125\t142.5\t45042400\t35.625\n1999-06-01\t145.31248\t150.0\t135.06248\t138.18752\t31400400\t34.54688\n1999-05-28\t134.5\t148.25\t131.5\t148.0\t28661200\t37.0\n1999-05-27\t139.0\t141.625\t132.875\t133.375\t30726800\t33.34375\n1999-05-26\t130.0\t141.25\t120.5\t140.875\t52978400\t35.21875\n1999-05-25\t138.43752\t141.125\t126.625\t126.93752\t37816800\t31.73438\n1999-05-24\t149.375\t150.25\t135.875\t137.875\t30008400\t34.46875\n1999-05-21\t153.25\t153.31248\t148.75\t151.31248\t14906400\t37.82812\n1999-05-20\t158.375\t159.125\t151.0\t151.5\t10570000\t37.875\n1999-05-19\t158.93752\t161.125\t155.25\t158.25\t16702000\t39.5625\n1999-05-18\t159.375\t161.5\t155.31248\t156.81248\t18851600\t39.20312\n1999-05-17\t155.06248\t162.75\t150.06248\t161.81248\t26168000\t40.45312\n1999-05-14\t154.43752\t161.75\t153.0\t157.375\t23758400\t39.34375\n1999-05-13\t171.5\t173.5\t159.875\t160.375\t18511600\t40.09375\n1999-05-12\t170.875\t173.5\t164.875\t169.93752\t22728400\t42.48438\n1999-05-11\t164.375\t175.31248\t160.875\t174.0\t42985600\t43.5\n1999-05-10\t148.25\t156.81248\t147.5\t155.68752\t25932800\t38.92188\n1999-05-07\t151.625\t157.5\t145.0\t147.43752\t27588800\t36.85938\n1999-05-06\t162.0\t162.5\t150.0\t151.875\t23365200\t37.96875\n1999-05-05\t160.375\t162.125\t148.875\t161.31248\t39324000\t40.32812\n1999-05-04\t162.25\t170.25\t158.0\t159.25\t25120000\t39.8125\n1999-05-03\t171.125\t173.25\t161.0\t162.56248\t20424000\t40.64062\n1999-04-30\t180.06248\t182.0\t168.0\t174.68752\t14938800\t43.67188\n1999-04-29\t168.125\t175.5\t164.625\t175.0\t25935200\t43.75\n1999-04-28\t182.75\t184.93752\t171.0\t173.5\t18786800\t43.375\n1999-04-27\t194.93752\t197.56248\t181.5\t184.5\t20129200\t46.125\n1999-04-26\t189.125\t194.5\t187.25\t192.25\t13915600\t48.0625\n1999-04-23\t183.375\t192.125\t180.5\t187.68752\t19913600\t46.92188\n1999-04-22\t182.68752\t185.0\t175.43752\t184.0\t25307200\t46.0\n1999-04-21\t174.625\t180.0\t170.0\t174.875\t24596400\t43.71875\n1999-04-20\t161.25\t174.0\t155.0\t171.0\t42084400\t42.75\n1999-04-19\t188.875\t191.0\t161.25\t163.68752\t42021200\t40.92188\n1999-04-16\t195.5\t197.0\t185.06248\t189.18752\t23426400\t47.29688\n1999-04-15\t189.75\t200.06248\t172.0\t194.625\t45416800\t48.65625\n1999-04-14\t204.25\t208.0\t189.5\t191.0\t25956800\t47.75\n1999-04-13\t204.75\t216.375\t202.0\t203.0\t29236400\t50.75\n1999-04-12\t193.125\t206.06248\t192.875\t202.93752\t39976800\t50.73438\n1999-04-09\t204.68752\t211.0\t202.0\t207.0\t24151600\t51.75\n1999-04-08\t217.0\t217.0\t196.93752\t206.68752\t56466800\t51.67188\n1999-04-07\t229.0\t231.0\t203.0\t208.43752\t69661600\t52.10938\n1999-04-06\t220.0\t244.0\t210.0\t214.875\t100101200\t53.71875\n1999-04-05\t186.25\t221.0\t185.0\t219.125\t82058000\t54.78125\n1999-04-01\t179.0\t181.0\t168.0\t179.75\t40504800\t44.9375\n1999-03-31\t176.0\t181.5\t168.0\t168.375\t32183600\t42.09375\n1999-03-30\t175.375\t185.875\t172.125\t172.31248\t38020000\t43.07812\n1999-03-29\t177.0\t178.75\t171.75\t176.0\t15764000\t44.0\n1999-03-26\t174.375\t177.25\t170.0\t171.375\t23164800\t42.84375\n1999-03-25\t167.93752\t179.25\t165.0\t179.0\t32558000\t44.75\n1999-03-24\t152.375\t160.5\t147.125\t160.5\t22805600\t40.125\n1999-03-23\t162.0\t164.0\t155.18752\t155.5\t20626000\t38.875\n1999-03-22\t170.875\t178.0\t164.625\t165.0\t16258800\t41.25\n1999-03-19\t176.75\t178.25\t169.75\t170.0\t13999600\t42.5\n1999-03-18\t170.06248\t176.0\t169.875\t175.31248\t13022800\t43.82812\n1999-03-17\t174.125\t174.25\t170.0\t172.125\t11562800\t43.03125\n1999-03-16\t180.31248\t180.5\t174.75\t174.875\t12136000\t43.71875\n1999-03-15\t177.0\t179.68752\t172.75\t179.43752\t13907200\t44.85938\n1999-03-12\t178.75\t179.125\t171.0\t176.0\t18828400\t44.0\n1999-03-11\t177.875\t183.375\t176.06248\t179.0\t34746000\t44.75\n1999-03-10\t173.0\t174.5\t169.0\t173.625\t22300000\t43.40625\n1999-03-09\t170.81248\t173.0\t163.75\t167.31248\t25655600\t41.82812\n1999-03-08\t162.35928\t173.18752\t160.0\t170.43752\t36341600\t42.60938\n1999-03-05\t158.375\t162.0\t156.0\t159.81248\t32062800\t39.95312\n1999-03-04\t156.75\t158.0\t146.125\t151.5\t23268000\t37.875\n1999-03-03\t154.875\t157.375\t148.625\t153.43752\t25215200\t38.35938\n1999-03-02\t161.375\t165.0\t152.875\t153.18752\t29651200\t38.29688\n1999-03-01\t153.56248\t165.0\t149.125\t160.125\t39223200\t40.03125\n1999-02-26\t155.5\t158.375\t150.0\t153.5\t29360000\t38.375\n1999-02-25\t149.56248\t155.5\t144.5\t155.375\t32932400\t38.84375\n1999-02-24\t156.5\t160.5\t149.5\t150.18752\t35772800\t37.54688\n1999-02-23\t148.5\t157.25\t148.0\t152.875\t45360800\t38.21875\n1999-02-22\t137.0\t150.0\t131.875\t145.75\t33567600\t36.4375\n1999-02-19\t133.56248\t137.43752\t130.0\t135.31248\t33774000\t33.82812\n1999-02-18\t134.0\t134.5\t124.0\t128.875\t35252000\t32.21875\n1999-02-17\t134.5\t139.25\t125.5\t129.625\t38656400\t32.40625\n1999-02-16\t152.5\t156.0\t131.93752\t133.375\t58302000\t33.34375\n1999-02-12\t154.56248\t155.0\t148.0\t151.0\t24872000\t37.75\n1999-02-11\t149.0\t159.0\t145.5\t158.5\t32700800\t39.625\n1999-02-10\t139.5\t148.625\t128.93752\t142.375\t47980400\t35.59375\n1999-02-09\t157.375\t157.875\t139.0\t140.75\t41688400\t35.1875\n1999-02-08\t172.75\t173.5\t154.625\t158.625\t38321600\t39.65625\n1999-02-05\t344.12497\t353.0\t335.0\t345.5\t49096000\t43.1875\n1999-02-04\t356.5\t359.0\t335.0\t337.0\t48534400\t42.125\n1999-02-03\t323.12497\t360.0\t323.12497\t358.06247\t45029600\t44.75781\n1999-02-02\t335.75\t338.0\t308.62497\t322.93753\t49295200\t40.36719\n1999-02-01\t357.0\t359.0\t333.0\t335.56247\t39826400\t41.94531\n1999-01-29\t360.0\t365.0\t345.0\t354.25\t33787200\t44.28125\n1999-01-28\t348.87503\t369.0\t335.0\t367.75\t52440000\t45.96875\n1999-01-27\t372.37503\t381.18753\t330.0\t335.87503\t54030400\t41.98438\n1999-01-26\t319.5\t352.12497\t319.0\t351.25\t66213600\t43.90625\n1999-01-25\t296.75\t313.0\t285.0\t312.0\t49068800\t39.0\n1999-01-22\t253.0\t291.0\t253.0\t286.0\t73045600\t35.75\n1999-01-21\t274.06247\t280.0\t249.37505\t265.0\t89164000\t33.125\n1999-01-20\t326.43753\t330.75\t285.0\t287.18753\t43305600\t35.89844\n1999-01-19\t339.87503\t345.0\t317.93753\t323.0\t34664800\t40.375\n1999-01-15\t344.93753\t354.5\t304.0\t317.0\t83922400\t39.625\n1999-01-14\t371.87503\t386.0\t343.0\t343.93753\t56675200\t42.99219\n1999-01-13\t399.12497\t406.0\t332.0\t368.0\t97093600\t46.0\n1999-01-12\t438.62497\t443.0\t370.0\t402.0\t104092000\t50.25\n1999-01-11\t367.93753\t445.0\t363.5\t415.37503\t80186400\t51.92188\n1999-01-08\t346.0\t357.37503\t330.0\t343.62497\t61498400\t42.95312\n1999-01-07\t284.0\t325.75\t283.0\t320.0\t77141600\t40.0\n1999-01-06\t268.0\t299.0\t267.0\t291.0\t71474400\t36.375\n1999-01-05\t242.56248\t261.0\t239.68752\t257.87503\t43924800\t32.23438\n1999-01-04\t242.0\t252.0\t240.0\t248.0\t33860000\t31.0\n1998-12-31\t241.87505\t255.0\t232.0\t236.93752\t37516800\t29.61719\n1998-12-30\t266.0\t271.37503\t241.0\t244.62495\t59023200\t30.57812\n1998-12-29\t275.37503\t275.37503\t263.37503\t270.0\t41398400\t33.75\n1998-12-28\t253.5\t286.0\t250.0\t275.5\t60430400\t34.4375\n1998-12-24\t246.12495\t251.0\t244.0\t247.12495\t9348800\t30.89062\n1998-12-23\t251.25\t253.37505\t245.5\t250.0\t29891200\t31.25\n1998-12-22\t252.5\t253.87505\t233.0\t245.0\t63622400\t30.625\n1998-12-21\t221.0\t250.87505\t218.0\t247.5\t68780000\t30.9375\n1998-12-18\t211.62495\t215.12495\t207.25\t212.31248\t37685600\t26.53906\n1998-12-17\t200.12495\t213.5\t199.5\t205.5\t54028800\t25.6875\n1998-12-16\t204.12495\t210.5\t201.25\t205.12495\t55996800\t25.64062\n1998-12-15\t194.5\t198.37505\t193.5\t198.0\t32498400\t24.75\n1998-12-14\t192.37505\t196.87505\t189.56248\t191.25\t40104000\t23.90625\n1998-12-11\t191.12495\t197.75\t190.75\t195.68752\t42621600\t24.46094\n1998-12-10\t198.43752\t202.0\t188.62495\t192.75\t47940800\t24.09375\n1998-12-09\t200.0\t206.5\t194.06248\t197.87505\t63276000\t24.73438\n1998-12-08\t189.5\t200.0\t187.37505\t198.5\t50747200\t24.8125\n1998-12-07\t192.5\t194.0\t186.62495\t190.56248\t30444000\t23.82031\n1998-12-04\t191.31248\t192.87505\t180.0\t189.75\t73370400\t23.71875\n1998-12-03\t197.75\t202.75\t182.62495\t183.75\t67581600\t22.96875\n1998-12-02\t204.81248\t206.37505\t195.0\t197.06248\t63236800\t24.63281\n1998-12-01\t183.87505\t207.37505\t182.0\t206.25\t98687200\t25.78125\n1998-11-30\t217.62495\t217.62495\t191.5\t192.0\t56202400\t24.0\n1998-11-27\t212.81248\t217.25\t211.75\t216.93752\t16614400\t27.11719\n1998-11-25\t210.75\t216.0\t203.25\t209.87505\t56652000\t26.23438\n1998-11-24\t216.0\t227.75\t203.0\t210.25\t132245600\t26.28125\n1998-11-23\t196.87505\t222.0\t191.0\t221.43752\t92021600\t27.67969\n1998-11-20\t193.0\t193.12495\t181.5\t191.0\t74551200\t23.875\n1998-11-19\t193.93752\t198.37505\t184.5\t185.87505\t83217600\t23.23438\n1998-11-18\t179.37505\t190.25\t178.43752\t190.12495\t80068000\t23.76562\n1998-11-17\t171.68752\t181.5\t168.25\t176.75\t65894400\t22.09375\n1998-11-16\t173.75\t175.0\t167.75\t173.25\t47338400\t21.65625\n1998-11-13\t176.87505\t177.68752\t164.5\t168.0\t59292800\t21.0\n1998-11-12\t163.5\t175.37505\t163.25\t173.25\t76820000\t21.65625\n1998-11-11\t177.5\t181.87505\t164.0\t165.0\t96396800\t20.625\n1998-11-10\t168.5\t185.62495\t168.37505\t176.56248\t104089600\t22.07031\n1998-11-09\t154.0\t165.37505\t153.87505\t164.75\t73947200\t20.59375\n1998-11-06\t151.93752\t154.31248\t151.0\t153.56248\t39160800\t19.19531\n1998-11-05\t149.81248\t154.06248\t149.81248\t151.68752\t82464800\t18.96094\n1998-11-04\t147.62495\t151.5\t145.5\t151.37505\t75329600\t18.92188\n1998-11-03\t144.75\t149.0\t141.06248\t142.12495\t88573600\t17.76562\n1998-11-02\t133.06248\t145.75\t131.75\t145.43752\t82252800\t18.17969\n1998-10-30\t129.87505\t133.12495\t129.25\t130.84367\t39603200\t16.35546\n1998-10-29\t128.25\t131.25\t126.0\t131.18752\t41452000\t16.39844\n1998-10-28\t123.62496\t128.0\t121.0\t126.75\t42363200\t15.84375\n1998-10-27\t130.5\t132.12495\t123.5\t123.75\t47267200\t15.46875\n1998-10-26\t123.25\t128.0\t123.25\t127.93752\t40869600\t15.99219\n1998-10-23\t121.68752\t124.0\t120.5\t122.12496\t28093600\t15.26562\n1998-10-22\t118.93752\t124.25\t117.25\t122.12496\t60401600\t15.26562\n1998-10-21\t117.62496\t119.87504\t115.65616\t119.75\t35041600\t14.96875\n1998-10-20\t120.25\t121.12496\t115.37504\t115.5\t48166400\t14.4375\n1998-10-19\t114.62496\t119.25\t113.5\t117.5\t42296000\t14.6875\n1998-10-16\t120.12496\t122.0\t115.12496\t115.62496\t54677600\t14.45312\n1998-10-15\t112.87504\t120.12496\t110.25\t119.37504\t71287200\t14.92188\n1998-10-14\t108.5\t116.5\t108.5\t111.87504\t59580000\t13.98438\n1998-10-13\t113.43752\t114.37504\t109.62496\t109.93752\t51824000\t13.74219\n1998-10-12\t110.5\t118.0\t108.68752\t114.43752\t103243200\t14.30469\n1998-10-09\t107.87504\t110.0\t102.0\t105.62496\t74280000\t13.20312\n1998-10-08\t104.12496\t108.5\t97.5\t104.81248\t172985600\t13.10156\n1998-10-07\t122.68752\t123.0\t110.5\t114.37504\t137588800\t14.29688\n1998-10-06\t131.12495\t132.12495\t121.75\t124.81248\t123448000\t15.60156\n1998-10-05\t126.12496\t129.56248\t117.06248\t125.81248\t130274400\t15.72656\n1998-10-02\t115.56248\t127.5\t113.75\t127.0\t135588000\t15.875\n1998-10-01\t123.37504\t126.37504\t112.68752\t112.93752\t122895200\t14.11719\n1998-09-30\t128.96872\t132.18752\t124.75\t129.5\t83716800\t16.1875\n1998-09-29\t128.75\t134.62495\t124.75\t131.5\t87640800\t16.4375\n1998-09-28\t126.0\t129.5\t121.81248\t127.93752\t85004800\t15.99219\n1998-09-25\t112.0\t121.25\t111.25\t121.0\t80061600\t15.125\n1998-09-24\t118.75\t125.37504\t112.75\t115.25\t119551200\t14.40625\n1998-09-23\t104.75\t118.0\t104.5\t117.87504\t121677600\t14.73438\n1998-09-22\t98.25\t105.0\t98.0\t102.93752\t88165600\t12.86719\n1998-09-21\t87.25\t97.0\t86.81248\t96.31248\t61918400\t12.03906\n1998-09-18\t90.0\t92.37504\t89.87504\t90.43752\t40134400\t11.30469\n1998-09-17\t89.37504\t93.75\t89.31248\t90.06248\t103429600\t11.25781\n1998-09-16\t85.81248\t93.75\t85.0\t93.37504\t97708000\t11.67188\n1998-09-15\t82.62496\t84.5\t82.0\t84.37504\t33928800\t10.54688\n1998-09-14\t82.25\t84.87504\t81.62496\t83.87504\t35400800\t10.48438\n1998-09-11\t80.5\t81.87504\t76.75\t79.87504\t45369600\t9.98438\n1998-09-10\t76.75\t80.5\t73.0\t79.87504\t61207200\t9.98438\n1998-09-09\t83.62496\t85.81248\t79.75\t80.0\t38174400\t10.0\n1998-09-08\t82.87504\t85.0\t79.12496\t84.62496\t54988000\t10.57812\n1998-09-04\t76.93752\t78.12496\t72.5\t75.37504\t33694400\t9.42188\n1998-09-03\t74.0\t77.87504\t71.5\t75.18752\t63705600\t9.39844\n1998-09-02\t77.0\t83.93752\t74.62496\t77.75\t78278400\t9.71875\n1998-09-01\t66.12496\t76.5\t59.0\t72.25\t96534400\t9.03125\n1998-08-31\t83.0\t84.12496\t66.5\t69.0\t77024800\t8.625\n1998-08-28\t90.87504\t92.37504\t81.75\t83.06248\t62074400\t10.38281\n1998-08-27\t94.5\t95.0\t90.75\t91.06248\t39107200\t11.38281\n1998-08-26\t95.75\t96.93752\t94.12496\t96.87504\t22042400\t12.10938\n1998-08-25\t98.93752\t99.25\t95.75\t97.5\t19356800\t12.1875\n1998-08-24\t96.0\t98.0\t95.62496\t97.68752\t21888000\t12.21094\n1998-08-21\t96.12496\t97.37504\t93.25\t95.37504\t30939200\t11.92188\n1998-08-20\t95.37504\t97.87504\t94.75\t97.5\t23878400\t12.1875\n1998-08-19\t98.87504\t100.0\t94.87504\t95.25\t33248000\t11.90625\n1998-08-18\t92.87504\t98.0\t92.62496\t97.25\t42212800\t12.15625\n1998-08-17\t90.87504\t92.5\t90.0\t92.0\t20256800\t11.5\n1998-08-14\t94.0\t94.37504\t90.0\t91.75\t25372000\t11.46875\n1998-08-13\t95.12496\t96.75\t92.62496\t92.75\t26801600\t11.59375\n1998-08-12\t93.5\t96.31248\t93.0\t95.37504\t42176000\t11.92188\n1998-08-11\t89.68752\t94.25\t88.37504\t91.37504\t50840800\t11.42188\n1998-08-10\t92.0\t94.0\t88.75\t94.0\t34913600\t11.75\n1998-08-07\t88.62496\t93.25\t87.31248\t91.62496\t51663200\t11.45312\n1998-08-06\t82.0\t88.37504\t81.18752\t87.37504\t36946400\t10.92188\n1998-08-05\t85.87504\t87.75\t79.0\t83.87504\t54120000\t10.48438\n1998-08-04\t88.62496\t89.75\t85.0\t85.12496\t42092800\t10.64062\n1998-08-03\t90.0\t90.5\t86.12496\t86.43752\t34780000\t10.80469\n1998-07-31\t183.75008\t185.0\t178.5\t181.93744\t63755200\t11.37109\n1998-07-30\t177.37505\t185.37505\t170.5\t182.68752\t96512000\t11.41797\n1998-07-29\t185.75008\t186.62495\t173.24992\t173.56256\t66641600\t10.84766\n1998-07-28\t188.5\t190.5\t182.24992\t183.24992\t61753600\t11.45312\n1998-07-27\t178.75008\t189.5\t174.0\t189.18752\t83516800\t11.82422\n1998-07-24\t191.5\t193.0\t177.62495\t182.12495\t87747200\t11.38281\n1998-07-23\t194.12495\t198.75008\t188.75008\t189.37505\t43572800\t11.83594\n1998-07-22\t190.0\t196.62495\t188.5\t193.75008\t68036800\t12.10938\n1998-07-21\t196.62495\t207.43744\t187.43744\t189.0\t115219200\t11.8125\n1998-07-20\t186.5\t197.24992\t184.75008\t196.31248\t63902400\t12.26953\n1998-07-17\t185.75008\t189.37505\t182.62495\t185.75008\t46369600\t11.60938\n1998-07-16\t182.37505\t187.5\t179.62495\t186.68752\t51748800\t11.66797\n1998-07-15\t187.37505\t187.37505\t181.12495\t181.75008\t36636800\t11.35938\n1998-07-14\t188.75008\t191.37505\t184.0\t186.5\t59248000\t11.65625\n1998-07-13\t177.62495\t188.62495\t177.0\t188.37505\t85763200\t11.77344\n1998-07-10\t181.37505\t186.12495\t177.62495\t182.5\t112896000\t11.40625\n1998-07-09\t199.75008\t204.0\t184.0\t184.0\t207491200\t11.5\n1998-07-08\t185.0\t198.5\t175.0\t186.18752\t224849600\t11.63672\n1998-07-07\t206.75008\t207.5\t190.0\t191.0\t198368000\t11.9375\n1998-07-06\t178.87505\t200.0\t176.93744\t199.24992\t216720000\t12.45312\n1998-07-02\t173.5\t179.5\t166.0\t172.87505\t119217600\t10.80469\n1998-07-01\t160.12495\t170.0\t160.0\t169.87505\t73984000\t10.61719\n1998-06-30\t154.75008\t159.75008\t153.62495\t157.5\t63260800\t9.84375\n1998-06-29\t149.5\t154.75008\t149.37505\t154.43744\t51121600\t9.65234\n1998-06-26\t150.75008\t153.62495\t146.5\t148.68752\t67873600\t9.29297\n1998-06-25\t148.5\t156.24992\t147.0\t152.24992\t99208000\t9.51562\n1998-06-24\t148.93744\t152.0\t143.0\t148.75008\t96169600\t9.29688\n1998-06-23\t139.24992\t150.37505\t138.0\t148.06256\t122494400\t9.25391\n1998-06-22\t129.0\t140.37505\t128.5\t139.56256\t81326400\t8.72266\n1998-06-19\t127.12496\t130.5\t124.75008\t129.24992\t59110400\t8.07812\n1998-06-18\t132.75008\t136.37505\t127.62496\t127.75008\t81768000\t7.98438\n1998-06-17\t124.62496\t131.62495\t124.24992\t130.62495\t130657600\t8.16406\n1998-06-16\t116.37504\t122.37504\t114.5\t121.93744\t63780800\t7.62109\n1998-06-15\t111.87504\t116.37504\t111.5\t115.24992\t53963200\t7.20312\n1998-06-12\t116.0\t116.0\t111.0\t113.81248\t48417600\t7.11328\n1998-06-11\t115.12496\t116.75008\t113.43744\t115.24992\t51329600\t7.20312\n1998-06-10\t117.0\t119.24992\t114.37504\t114.43744\t69064000\t7.15234\n1998-06-09\t111.06256\t118.5\t109.75008\t117.87504\t95710400\t7.36719\n1998-06-08\t105.0\t109.5\t104.87504\t109.37504\t33300800\t6.83594\n1998-06-05\t102.5\t106.0\t101.5\t105.0\t37105600\t6.5625\n1998-06-04\t102.0\t104.12496\t100.5\t102.62496\t49841600\t6.41406\n1998-06-03\t105.75008\t105.75008\t101.62496\t102.0\t71544000\t6.375\n1998-06-02\t105.0\t105.75008\t99.12496\t104.81248\t114208000\t6.55078\n1998-06-01\t108.24992\t109.24992\t101.5\t104.37504\t72801600\t6.52344\n1998-05-29\t110.5\t112.0\t108.68752\t109.5\t36216000\t6.84375\n1998-05-28\t114.12496\t115.0\t109.87504\t110.0\t47590400\t6.875\n1998-05-27\t106.5\t115.24992\t106.37504\t115.12496\t103491200\t7.19531\n1998-05-26\t115.12496\t115.5\t108.12496\t108.24992\t46486400\t6.76562\n1998-05-22\t116.37504\t116.75008\t113.0\t114.37504\t15713600\t7.14844\n1998-05-21\t118.5\t118.5\t115.75008\t117.0\t18348800\t7.3125\n1998-05-20\t119.37504\t119.37504\t115.75008\t116.87504\t15969600\t7.30469\n1998-05-19\t117.75008\t119.75008\t116.75008\t118.15616\t23678400\t7.38476\n1998-05-18\t118.87504\t119.43744\t114.18752\t116.56256\t33620800\t7.28516\n1998-05-15\t122.0\t123.0\t117.75008\t118.06256\t25552000\t7.37891\n1998-05-14\t123.06256\t126.37504\t120.24992\t120.24992\t57985600\t7.51562\n1998-05-13\t116.0\t124.06256\t115.24992\t124.0\t60171200\t7.75\n1998-05-12\t113.5\t116.5\t112.56256\t115.68752\t33731200\t7.23047\n1998-05-11\t118.62496\t118.87504\t114.0\t114.18752\t27179200\t7.13672\n1998-05-08\t114.75008\t117.75008\t113.68752\t117.75008\t26433600\t7.35938\n1998-05-07\t115.0\t118.37504\t114.5\t115.18752\t26564800\t7.19922\n1998-05-06\t117.12496\t117.24992\t114.24992\t115.06256\t22596800\t7.19141\n1998-05-05\t118.37504\t120.37504\t116.5\t116.75008\t23513600\t7.29688\n1998-05-04\t120.06256\t122.0\t119.24992\t120.87504\t15729600\t7.55469\n1998-05-01\t119.37504\t119.37504\t116.75008\t118.62496\t20518400\t7.41406\n1998-04-30\t120.24992\t121.62496\t118.0\t118.93744\t35766400\t7.43359\n1998-04-29\t118.0\t119.5\t116.56256\t118.24992\t38995200\t7.39062\n1998-04-28\t117.18752\t119.37504\t115.24992\t118.5\t75300800\t7.40625\n1998-04-27\t111.62496\t112.75008\t109.31248\t112.12496\t67828800\t7.00781\n1998-04-24\t113.87504\t117.75008\t111.12496\t114.75008\t78507200\t7.17188\n1998-04-23\t115.62496\t116.0\t111.06256\t112.18752\t82996800\t7.01172\n1998-04-22\t124.24992\t124.62496\t117.12496\t118.37504\t57531200\t7.39844\n1998-04-21\t126.75008\t129.0\t122.0\t123.28112\t51115200\t7.70507\n1998-04-20\t122.24992\t128.87505\t120.62496\t125.75008\t67028800\t7.85938\n1998-04-17\t123.62496\t125.5\t120.12496\t121.5\t93952000\t7.59375\n1998-04-16\t119.0\t129.62495\t117.0\t128.39056\t146963200\t8.02441\n1998-04-15\t116.75008\t118.62496\t115.81248\t118.18752\t40574400\t7.38672\n1998-04-14\t112.75008\t118.24992\t111.62496\t114.87504\t77942400\t7.17969\n1998-04-13\t112.5\t116.62496\t108.81248\t113.0\t114054400\t7.0625\n1998-04-09\t107.75008\t114.75008\t106.0\t114.5\t176787200\t7.15625\n1998-04-08\t94.0\t98.75008\t93.87504\t97.24992\t93374400\t6.07812\n1998-04-07\t98.5\t98.5\t91.75008\t93.24992\t81860800\t5.82812\n1998-04-06\t103.75008\t103.75008\t98.5\t99.06256\t47131200\t6.19141\n1998-04-03\t105.06256\t105.75008\t101.0\t102.43744\t58545600\t6.40234\n1998-04-02\t99.0\t104.56256\t98.5\t103.87504\t64988800\t6.49219\n1998-04-01\t92.43744\t97.81248\t90.87504\t97.81248\t39004800\t6.11328\n1998-03-31\t94.0\t94.12496\t91.75008\t92.43744\t19136000\t5.77734\n1998-03-30\t91.62496\t94.24992\t91.12496\t93.06256\t30766400\t5.81641\n1998-03-27\t90.18752\t92.18752\t88.75008\t90.62496\t28928000\t5.66406\n1998-03-26\t88.12496\t90.5\t87.34368\t88.93744\t27820800\t5.55859\n1998-03-25\t88.12496\t89.93744\t87.37504\t88.24992\t38163200\t5.51562\n1998-03-24\t82.75008\t87.0\t82.75008\t86.81248\t28342400\t5.42578\n1998-03-23\t82.5\t83.81248\t82.37504\t83.0\t10816000\t5.1875\n1998-03-20\t84.37504\t84.93744\t82.75008\t83.15616\t18041600\t5.19726\n1998-03-19\t85.75008\t87.43744\t83.87504\t83.87504\t33745600\t5.24219\n1998-03-18\t82.5\t86.87504\t81.62496\t86.28112\t41563200\t5.39257\n1998-03-17\t85.12496\t85.24992\t82.62496\t83.84368\t14350400\t5.24023\n1998-03-16\t85.5\t86.5\t84.5\t85.0\t24947200\t5.3125\n1998-03-13\t82.24992\t85.0\t81.5\t83.37504\t31441600\t5.21094\n1998-03-12\t83.87504\t85.0\t81.24992\t82.0\t69780800\t5.125\n1998-03-11\t85.37504\t86.75008\t83.0\t84.24992\t66195200\t5.26562\n1998-03-10\t90.5\t92.37504\t84.31248\t87.5\t105219200\t5.46875\n1998-03-09\t81.75008\t88.5\t81.62496\t87.81248\t66227200\t5.48828\n1998-03-06\t76.75008\t81.75008\t75.75008\t80.56256\t52110400\t5.03516\n1998-03-05\t69.5\t75.62496\t68.75008\t75.31248\t53112000\t4.70703\n1998-03-04\t71.75008\t72.5\t70.75008\t71.62496\t22900800\t4.47656\n1998-03-03\t72.0\t74.0\t70.75008\t72.93744\t22182400\t4.55859\n1998-03-02\t74.75008\t74.93744\t71.75008\t73.18752\t32520000\t4.57422\n1998-02-27\t68.24992\t74.24992\t67.75008\t73.18752\t99968000\t4.57422\n1998-02-26\t62.0\t68.5\t61.75008\t68.12496\t39760000\t4.25781\n1998-02-25\t61.87504\t62.24992\t60.87504\t61.71872\t20102400\t3.85742\n1998-02-24\t63.87504\t63.87504\t61.12496\t61.5312\t14260800\t3.8457\n1998-02-23\t64.37504\t64.62496\t62.93744\t63.28112\t11187200\t3.95507\n1998-02-20\t64.5\t64.75008\t61.62496\t64.12496\t12539200\t4.00781\n1998-02-19\t63.5\t65.62496\t63.24992\t64.0312\t13486400\t4.00195\n1998-02-18\t64.24992\t64.75008\t62.62496\t63.5\t11323200\t3.96875\n1998-02-17\t64.5\t65.0\t63.5\t64.24992\t11427200\t4.01562\n1998-02-13\t64.75008\t66.75008\t64.37504\t64.75008\t13256000\t4.04688\n1998-02-12\t64.24992\t65.24992\t63.75008\t65.12496\t9059200\t4.07031\n1998-02-11\t64.62496\t65.75008\t64.0\t65.09376\t11950400\t4.06836\n1998-02-10\t64.0\t65.5\t63.0\t64.62496\t20785600\t4.03906\n1998-02-09\t64.75008\t65.24992\t63.0\t63.89056\t16547200\t3.99316\n1998-02-06\t62.12496\t64.62496\t61.62496\t64.24992\t14387200\t4.01562\n1998-02-05\t64.37504\t64.87504\t61.62496\t62.24992\t18446400\t3.89062\n1998-02-04\t64.62496\t64.62496\t63.18752\t63.68752\t13721600\t3.98047\n1998-02-03\t65.75008\t66.12496\t63.87504\t64.84368\t33953600\t4.05273\n1998-02-02\t64.24992\t66.12496\t63.87504\t66.0\t24558400\t4.125\n1998-01-30\t63.0\t64.5\t61.24992\t63.37504\t32681600\t3.96094\n1998-01-29\t58.0\t62.24992\t57.62496\t61.87504\t33180800\t3.86719\n1998-01-28\t60.62496\t60.62496\t57.81248\t58.06256\t29641600\t3.62891\n1998-01-27\t60.24992\t61.24992\t60.0\t60.06256\t15113600\t3.75391\n1998-01-26\t62.37504\t62.5\t59.5\t59.87504\t10534400\t3.74219\n1998-01-23\t62.75008\t62.93744\t61.12496\t61.75008\t10700800\t3.85938\n1998-01-22\t63.37504\t64.0\t62.24992\t62.31248\t11137600\t3.89453\n1998-01-21\t64.12496\t64.5\t62.87504\t63.87504\t18336000\t3.99219\n1998-01-20\t65.24992\t65.24992\t63.0\t64.5\t35096000\t4.03125\n1998-01-16\t66.0\t67.5\t65.0\t65.24992\t18288000\t4.07812\n1998-01-15\t65.24992\t66.75008\t64.0\t65.34368\t27916800\t4.08398\n1998-01-14\t66.75008\t67.87504\t66.0\t67.0\t26678400\t4.1875\n1998-01-13\t64.75008\t68.24992\t64.56256\t65.78112\t52755200\t4.11132\n1998-01-12\t60.0\t64.12496\t59.0\t62.5\t38262400\t3.90625\n1998-01-09\t64.5\t65.24992\t60.75008\t61.87504\t30296000\t3.86719\n1998-01-08\t64.0\t65.96864\t62.75008\t64.24992\t21748800\t4.01562\n1998-01-07\t62.75008\t64.87504\t62.75008\t63.81248\t15758400\t3.98828\n1998-01-06\t61.75008\t65.12496\t61.24992\t64.0\t28688000\t4.0\n1998-01-05\t64.37504\t65.37504\t62.62496\t62.93744\t26601600\t3.93359\n1998-01-02\t69.24992\t69.5\t65.0\t66.24992\t17828800\t4.14062\n1997-12-31\t70.62496\t70.87504\t69.12496\t69.24992\t15467200\t4.32812\n1997-12-30\t68.87504\t71.0\t68.0\t71.0\t16508800\t4.4375\n1997-12-29\t67.0\t69.0\t66.37504\t68.93744\t15100800\t4.30859\n1997-12-26\t64.31248\t66.37504\t64.24992\t66.12496\t9587200\t4.13281\n1997-12-24\t65.18752\t66.0\t64.5\t64.5\t6185600\t4.03125\n1997-12-23\t64.0\t67.87504\t63.62496\t65.12496\t22833600\t4.07031\n1997-12-22\t61.87504\t65.37504\t61.87504\t64.43744\t23824000\t4.02734\n1997-12-19\t57.5\t63.0\t56.24992\t61.87504\t29721600\t3.86719\n1997-12-18\t59.5\t59.5\t57.24992\t58.12496\t12747200\t3.63281\n1997-12-17\t60.5\t61.5\t59.5\t59.56256\t10875200\t3.72266\n1997-12-16\t57.87504\t60.5\t57.12496\t60.31248\t13553600\t3.76953\n1997-12-15\t60.0\t60.24992\t56.5\t58.0\t14430400\t3.625\n1997-12-12\t58.75008\t60.0\t57.0\t59.5\t14584000\t3.71875\n1997-12-11\t57.0\t58.87504\t56.37504\t58.62496\t17451200\t3.66406\n1997-12-10\t58.5\t59.37504\t57.0\t58.87504\t14763200\t3.67969\n1997-12-09\t58.87504\t61.0\t58.0\t59.31248\t27473600\t3.70703\n1997-12-08\t56.5\t59.75008\t55.62496\t59.62496\t30825600\t3.72656\n1997-12-05\t53.56256\t56.37504\t52.62496\t56.24992\t25928000\t3.51562\n1997-12-04\t54.37504\t55.0\t53.37504\t53.81248\t10012800\t3.36328\n1997-12-03\t52.5\t54.24992\t51.87504\t53.87504\t9440000\t3.36719\n1997-12-02\t53.75008\t54.87504\t52.0\t53.0\t15512000\t3.3125\n1997-12-01\t51.5\t54.37504\t51.24992\t54.0\t16558400\t3.375\n1997-11-28\t51.12496\t51.5\t50.75008\t51.12496\t2153600\t3.19531\n1997-11-26\t51.75008\t52.24992\t50.24992\t50.87504\t8777600\t3.17969\n1997-11-25\t50.24992\t51.75008\t48.0\t50.81248\t29675200\t3.17578\n1997-11-24\t52.5\t52.5\t48.12496\t48.5\t20104000\t3.03125\n1997-11-21\t54.12496\t54.5\t51.62496\t52.87504\t12600000\t3.30469\n1997-11-20\t51.24992\t54.12496\t50.87504\t53.62496\t24377600\t3.35156\n1997-11-19\t50.87504\t51.62496\t49.56256\t50.62496\t13123200\t3.16406\n1997-11-18\t51.62496\t54.24992\t51.37504\t51.75008\t22524800\t3.23438\n1997-11-17\t49.87504\t52.75008\t49.62496\t52.0\t25088000\t3.25\n1997-11-14\t46.0\t49.12496\t46.0\t47.87504\t24700800\t2.99219\n1997-11-13\t45.12496\t46.5\t42.0\t45.68752\t29244800\t2.85547\n1997-11-12\t44.75008\t47.37504\t42.87504\t43.5\t25264000\t2.71875\n1997-11-11\t49.12496\t49.5\t45.5\t46.0\t20819200\t2.875\n1997-11-10\t49.62496\t51.0\t48.0\t48.62496\t13699200\t3.03906\n1997-11-07\t49.0\t51.75008\t48.75008\t49.5\t23028800\t3.09375\n1997-11-06\t53.0\t55.75008\t52.24992\t52.75008\t29057600\t3.29688\n1997-11-05\t50.87504\t54.5\t50.87504\t53.62496\t39339200\t3.35156\n1997-11-04\t45.62496\t51.37504\t44.5\t51.0\t25473600\t3.1875\n1997-11-03\t45.0\t46.5\t44.75008\t46.09376\t13121600\t2.88086\n1997-10-29\t44.5\t46.24992\t40.37504\t41.24992\t30163200\t2.57812\n1997-10-28\t34.12496\t46.75008\t34.12496\t43.12496\t51822400\t2.69531\n1997-10-27\t47.0\t47.0\t38.0\t38.0\t35051200\t2.375\n1997-10-24\t51.75008\t51.75008\t46.5\t47.56256\t15764800\t2.97266\n1997-10-23\t50.75008\t51.75008\t49.24992\t50.56256\t15209600\t3.16016\n1997-10-22\t52.37504\t53.37504\t50.62496\t52.93744\t14001600\t3.30859\n1997-10-21\t49.75008\t51.37504\t49.62496\t51.12496\t13385600\t3.19531\n1997-10-20\t48.75008\t49.24992\t46.87504\t48.87504\t20217600\t3.05469\n1997-10-17\t48.24992\t49.0\t45.5\t48.5\t24849600\t3.03125\n1997-10-16\t51.75008\t53.12496\t48.24992\t48.62496\t21169600\t3.03906\n1997-10-15\t50.75008\t51.75008\t50.24992\t51.5\t11564800\t3.21875\n1997-10-14\t51.62496\t52.62496\t49.5\t51.0\t14172800\t3.1875\n1997-10-13\t53.12496\t53.24992\t50.24992\t51.12496\t18051200\t3.19531\n1997-10-10\t54.0\t55.5\t52.75008\t52.81248\t18844800\t3.30078\n1997-10-09\t55.5\t56.37504\t54.75008\t55.5\t33960000\t3.46875\n1997-10-08\t57.24992\t58.0\t56.0\t56.75008\t32020800\t3.54688\n1997-10-07\t57.75008\t58.12496\t55.12496\t55.75008\t15825600\t3.48438\n1997-10-06\t55.24992\t58.62496\t55.24992\t58.24992\t15339200\t3.64062\n1997-10-03\t55.0\t56.24992\t53.75008\t55.24992\t19518400\t3.45312\n1997-10-02\t51.12496\t55.0\t50.12496\t55.0\t22676800\t3.4375\n1997-10-01\t50.24992\t51.62496\t50.12496\t51.12496\t14475200\t3.19531\n1997-09-30\t50.62496\t50.62496\t49.75008\t50.12496\t3744000\t3.13281\n1997-09-29\t50.5\t51.0\t49.37504\t50.68752\t6649600\t3.16797\n1997-09-26\t50.5\t51.75008\t50.0\t50.24992\t10222400\t3.14062\n1997-09-25\t51.75008\t52.0\t48.75008\t50.06256\t14795200\t3.12891\n1997-09-24\t51.12496\t53.12496\t50.87504\t51.5\t12670400\t3.21875\n1997-09-23\t54.12496\t55.0\t50.12496\t50.68752\t14896000\t3.16797\n1997-09-22\t52.12496\t55.37504\t52.0\t53.62496\t17758400\t3.35156\n1997-09-19\t49.5\t52.62496\t49.24992\t51.37504\t24308800\t3.21094\n1997-09-18\t49.12496\t50.24992\t48.37504\t49.75008\t12360000\t3.10938\n1997-09-17\t51.5\t51.87504\t47.37504\t48.87504\t20712000\t3.05469\n1997-09-16\t48.24992\t51.12496\t45.24992\t51.12496\t37563200\t3.19531\n1997-09-15\t53.0\t53.75008\t48.0\t48.18752\t31624000\t3.01172\n1997-09-12\t56.62496\t58.0\t52.75008\t53.93744\t22862400\t3.37109\n1997-09-11\t53.0\t56.75008\t52.5\t55.37504\t33902400\t3.46094\n1997-09-10\t51.68752\t54.0\t50.37504\t53.31248\t23131200\t3.33203\n1997-09-09\t48.12496\t50.37504\t48.0\t50.37504\t17556800\t3.14844\n1997-09-08\t46.75008\t49.12496\t46.75008\t47.18752\t21164800\t2.94922\n1997-09-05\t42.24992\t45.75008\t42.0\t45.37504\t16643200\t2.83594\n1997-08-29\t56.50008\t59.87496\t56.25\t59.50008\t13696000\t2.47917\n1997-08-28\t55.37496\t57.6876\t53.50008\t56.12496\t24696000\t2.33854\n1997-08-27\t55.87488\t56.37504\t54.75\t55.81248\t11371200\t2.32552\n1997-08-26\t56.50008\t56.74992\t55.5\t55.87488\t6016000\t2.32812\n1997-08-25\t55.99992\t57.25008\t55.87488\t56.74992\t10302400\t2.36458\n1997-08-22\t53.50008\t56.12496\t53.12496\t55.68744\t12489600\t2.32031\n1997-08-21\t57.49992\t57.75\t55.24992\t55.75008\t10432000\t2.32292\n1997-08-20\t55.5\t57.75\t54.25008\t57.37488\t21724800\t2.39062\n1997-08-19\t52.62504\t55.99992\t52.5\t55.24992\t20222400\t2.30208\n1997-08-18\t48.62496\t52.5\t48.25008\t52.37496\t18100800\t2.18229\n1997-08-15\t49.5\t49.75008\t48.49992\t48.49992\t9004800\t2.02083\n1997-08-14\t50.37504\t51.0\t49.37496\t49.5624\t5505600\t2.0651\n1997-08-13\t51.0\t52.5\t49.62504\t50.37504\t18326400\t2.09896\n1997-08-12\t53.50008\t54.25008\t50.62512\t50.9376\t10715200\t2.1224\n1997-08-11\t54.0\t54.0\t51.75\t53.25\t18528000\t2.21875\n1997-08-08\t53.50008\t54.62496\t51.25008\t54.0\t13401600\t2.25\n1997-08-07\t55.5\t56.12496\t53.74992\t53.81256\t8430400\t2.24219\n1997-08-06\t54.62496\t55.99992\t54.0\t55.00008\t7033600\t2.29167\n1997-08-05\t53.74992\t55.5\t53.25\t54.37488\t11304000\t2.26562\n1997-08-04\t54.75\t54.75\t53.12496\t53.37504\t12841600\t2.22396\n1997-08-01\t55.99992\t55.99992\t53.37504\t55.24992\t19910400\t2.30208\n1997-07-31\t55.00008\t56.50008\t52.37496\t56.50008\t33768000\t2.35417\n1997-07-30\t49.75008\t55.00008\t49.62504\t54.62496\t47521600\t2.27604\n1997-07-29\t47.62512\t48.25008\t46.99992\t48.25008\t4523200\t2.01042\n1997-07-28\t48.25008\t49.00008\t47.50008\t47.56248\t3806400\t1.98177\n1997-07-25\t47.74992\t48.12504\t46.18752\t47.87496\t9232000\t1.99479\n1997-07-24\t49.00008\t49.5\t46.75008\t47.50008\t15115200\t1.97917\n1997-07-23\t50.74992\t50.74992\t49.12512\t49.12512\t7364800\t2.04688\n1997-07-22\t49.75008\t51.12504\t48.25008\t50.43744\t11822400\t2.10156\n1997-07-21\t47.50008\t49.99992\t46.99992\t49.62504\t11200000\t2.06771\n1997-07-18\t46.37496\t48.37488\t44.87496\t46.87488\t12059200\t1.95312\n1997-07-17\t49.12512\t49.12512\t46.5\t46.87488\t12688000\t1.95312\n\n\u003cfont color\u003dred\u003eResults are limited by 1000.\u003c/font\u003e"
      },
      "dateCreated": "Nov 24, 2015 3:19:15 AM",
      "dateStarted": "Nov 24, 2015 3:20:27 AM",
      "dateFinished": "Nov 24, 2015 3:20:32 AM",
      "status": "FINISHED",
      "progressUpdateIntervalMs": 500
    },
    {
      "text": "hiveContext.sql(\"LOAD DATA LOCAL INPATH \u0027examples/src/main/resources/kv1.txt\u0027 INTO TABLE TestTable\")",
      "dateUpdated": "Nov 24, 2015 4:02:05 AM",
      "config": {
        "colWidth": 12.0,
        "graph": {
          "mode": "table",
          "height": 300.0,
          "optionOpen": false,
          "keys": [],
          "values": [],
          "groups": [],
          "scatter": {}
        },
        "editorMode": "ace/mode/scala"
      },
      "settings": {
        "params": {},
        "forms": {}
      },
      "jobName": "paragraph_1448335618339_-737283316",
      "id": "20151124-032658_1208427162",
      "dateCreated": "Nov 24, 2015 3:26:58 AM",
      "status": "READY",
      "progressUpdateIntervalMs": 500
    }
  ],
  "name": "ZELTOV - Stocks DataFrame Sql",
  "id": "2B5RMG4AM",
  "angularObjects": {
    "2B3Q5RH75": [],
    "2B4KR7G6M": [],
    "2B3HNUWRE": [],
    "2B4S88X2P": [],
    "2B42JEQTW": [],
    "2B5QU2Q5Z": [],
    "2B6KHHKCV": [],
    "2B4W24RMK": [],
    "2B3374TMK": [],
    "2B4ZUMK38": [],
    "2B42N38FM": [],
    "2B4RXUWHA": [],
    "2B2R6FW9Q": []
  },
  "config": {
    "looknfeel": "default"
  },
  "info": {}
}