{
  "paragraphs": [
    {
      "text": "val baseRDD \u003d sc.textFile(\"philadelphia-crime-data-2015-ytd.csv\")",
      "dateUpdated": "Nov 24, 2015 1:13:04 AM",
      "config": {
        "colWidth": 12.0,
        "graph": {
          "mode": "table",
          "height": 300.0,
          "optionOpen": false,
          "keys": [],
          "values": [],
          "groups": [],
          "scatter": {}
        },
        "editorMode": "ace/mode/scala"
      },
      "settings": {
        "params": {},
        "forms": {}
      },
      "jobName": "paragraph_1448327548034_697305844",
      "id": "20151124-011228_1747769399",
      "result": {
        "code": "SUCCESS",
        "type": "TEXT",
        "msg": "baseRDD: org.apache.spark.rdd.RDD[String] \u003d MapPartitionsRDD[28] at textFile at \u003cconsole\u003e:26\n"
      },
      "dateCreated": "Nov 24, 2015 1:12:28 AM",
      "dateStarted": "Nov 24, 2015 1:13:04 AM",
      "dateFinished": "Nov 24, 2015 1:13:04 AM",
      "status": "FINISHED",
      "progressUpdateIntervalMs": 500
    },
    {
      "text": "baseRDD.take(10).foreach(println)",
      "dateUpdated": "Nov 24, 2015 1:13:12 AM",
      "config": {
        "colWidth": 12.0,
        "graph": {
          "mode": "table",
          "height": 300.0,
          "optionOpen": false,
          "keys": [],
          "values": [],
          "groups": [],
          "scatter": {}
        }
      },
      "settings": {
        "params": {},
        "forms": {}
      },
      "jobName": "paragraph_1448327584355_1551310484",
      "id": "20151124-011304_727475792",
      "result": {
        "code": "SUCCESS",
        "type": "TEXT",
        "msg": "SECTOR,DC_DIST,DC_KEY,LOCATION_BLOCK,UCR_GENERAL,OBJECTID,TEXT_GENERAL_CODE,POINT_X,POINT_Y,SHAPE,DISPATCH_DATE,DISPATCH_TIME\n1,1,201501000030,1500 BLOCK SHUNK ST,400,129338817,Aggravated Assault No Firearm,-75.17376025,39.91845624,129239946,2015-01-01,02:28:00.0\n1,1,201501000060,2800 BLOCK CANTRELL ST,400,129332317,Aggravated Assault Firearm,-75.19323947,39.92688103,129233446,2015-01-01,15:55:00.0\n1,1,201501000081,2800 BLOCK CANTRELL ST,300,129330354,Robbery Firearm,-75.19356481,39.92692647,129231483,2015-01-01,23:46:00.0\n2,1,201501000155,1800 BLOCK W MOYAMENSING AVE,600,129372455,Theft from Vehicle,-75.17877691,39.9142244,129273584,2015-01-02,10:52:00.0\n1,1,201501000173,2000 BLOCK POINT BREEZE AVE,600,129345460,Theft from Vehicle,-75.18862964,39.92739659,129246589,2015-01-02,14:26:00.0\n1,1,201501000282,2000 BLOCK OREGON AV,600,129365351,Thefts,-75.18147584,39.91823982,129266480,2015-01-03,12:43:00.0\n1,1,201501000284,2000 BLOCK S 22ND ST,600,129352165,Thefts,-75.18249755,39.92695112,129253294,2015-01-03,13:08:00.0\n1,1,201501000297,S 18TH ST / W PASSYUNK AV,600,129372464,Theft from Vehicle,-75.17629853,39.92425967,129273593,2015-01-03,16:43:00.0\n2,1,201501000356,2300 BLOCK OREGON AVE,600,129352170,Thefts,-75.18673096,39.91878087,129253299,2015-01-04,08:48:00.0\n"
      },
      "dateCreated": "Nov 24, 2015 1:13:04 AM",
      "dateStarted": "Nov 24, 2015 1:13:12 AM",
      "dateFinished": "Nov 24, 2015 1:13:12 AM",
      "status": "FINISHED",
      "progressUpdateIntervalMs": 500
    },
    {
      "text": "val noHeaderRDD \u003d baseRDD.filter { line \u003d\u003e ! (line contains \"DC_DIST\") }",
      "dateUpdated": "Nov 24, 2015 1:13:40 AM",
      "config": {
        "colWidth": 12.0,
        "graph": {
          "mode": "table",
          "height": 300.0,
          "optionOpen": false,
          "keys": [],
          "values": [],
          "groups": [],
          "scatter": {}
        }
      },
      "settings": {
        "params": {},
        "forms": {}
      },
      "jobName": "paragraph_1448327592659_-1532836699",
      "id": "20151124-011312_1212546767",
      "result": {
        "code": "SUCCESS",
        "type": "TEXT",
        "msg": "noHeaderRDD: org.apache.spark.rdd.RDD[String] \u003d MapPartitionsRDD[29] at filter at \u003cconsole\u003e:28\n"
      },
      "dateCreated": "Nov 24, 2015 1:13:12 AM",
      "dateStarted": "Nov 24, 2015 1:13:40 AM",
      "dateFinished": "Nov 24, 2015 1:13:40 AM",
      "status": "FINISHED",
      "progressUpdateIntervalMs": 500
    },
    {
      "text": "noHeaderRDD.take(10).foreach(println)",
      "dateUpdated": "Nov 24, 2015 1:13:57 AM",
      "config": {
        "colWidth": 12.0,
        "graph": {
          "mode": "table",
          "height": 300.0,
          "optionOpen": false,
          "keys": [],
          "values": [],
          "groups": [],
          "scatter": {}
        }
      },
      "settings": {
        "params": {},
        "forms": {}
      },
      "jobName": "paragraph_1448327620131_238608534",
      "id": "20151124-011340_425443492",
      "result": {
        "code": "SUCCESS",
        "type": "TEXT",
        "msg": "1,1,201501000030,1500 BLOCK SHUNK ST,400,129338817,Aggravated Assault No Firearm,-75.17376025,39.91845624,129239946,2015-01-01,02:28:00.0\n1,1,201501000060,2800 BLOCK CANTRELL ST,400,129332317,Aggravated Assault Firearm,-75.19323947,39.92688103,129233446,2015-01-01,15:55:00.0\n1,1,201501000081,2800 BLOCK CANTRELL ST,300,129330354,Robbery Firearm,-75.19356481,39.92692647,129231483,2015-01-01,23:46:00.0\n2,1,201501000155,1800 BLOCK W MOYAMENSING AVE,600,129372455,Theft from Vehicle,-75.17877691,39.9142244,129273584,2015-01-02,10:52:00.0\n1,1,201501000173,2000 BLOCK POINT BREEZE AVE,600,129345460,Theft from Vehicle,-75.18862964,39.92739659,129246589,2015-01-02,14:26:00.0\n1,1,201501000282,2000 BLOCK OREGON AV,600,129365351,Thefts,-75.18147584,39.91823982,129266480,2015-01-03,12:43:00.0\n1,1,201501000284,2000 BLOCK S 22ND ST,600,129352165,Thefts,-75.18249755,39.92695112,129253294,2015-01-03,13:08:00.0\n1,1,201501000297,S 18TH ST / W PASSYUNK AV,600,129372464,Theft from Vehicle,-75.17629853,39.92425967,129273593,2015-01-03,16:43:00.0\n2,1,201501000356,2300 BLOCK OREGON AVE,600,129352170,Thefts,-75.18673096,39.91878087,129253299,2015-01-04,08:48:00.0\n1,1,201501000368,1400 BLOCK SHUNK ST,600,129352171,Thefts,-75.17176403,39.91828871,129253300,2015-01-04,10:10:00.0\n"
      },
      "dateCreated": "Nov 24, 2015 1:13:40 AM",
      "dateStarted": "Nov 24, 2015 1:13:57 AM",
      "dateFinished": "Nov 24, 2015 1:13:57 AM",
      "status": "FINISHED",
      "progressUpdateIntervalMs": 500
    },
    {
      "text": "case class CrimeData(dateString: String,\n                     timeString: String,\n                     offense: String,\n                     latitude: String,\n                     longitude: String)\nval dataRDD \u003d noHeaderRDD.map { line \u003d\u003e\n  val cols \u003d line.split(\",\")\n  CrimeData(dateString \u003d cols(10), //DISPATCH_DATE\n            timeString \u003d cols(11), //DISPATCH_TIME\n            offense    \u003d cols(6),  //TEXT_GENERAL_CODE\n            latitude   \u003d cols(7),  //POINT_X\n            longitude  \u003d cols(8))  //POINT_Y\n}\ndataRDD.take(10).foreach(println)",
      "dateUpdated": "Nov 24, 2015 1:15:31 AM",
      "config": {
        "colWidth": 12.0,
        "graph": {
          "mode": "table",
          "height": 300.0,
          "optionOpen": false,
          "keys": [],
          "values": [],
          "groups": [],
          "scatter": {}
        }
      },
      "settings": {
        "params": {},
        "forms": {}
      },
      "jobName": "paragraph_1448327637568_-600898242",
      "id": "20151124-011357_1589242951",
      "result": {
        "code": "SUCCESS",
        "type": "TEXT",
        "msg": "defined class CrimeData\ndataRDD: org.apache.spark.rdd.RDD[CrimeData] \u003d MapPartitionsRDD[30] at map at \u003cconsole\u003e:32\nCrimeData(2015-01-01,02:28:00.0,Aggravated Assault No Firearm,-75.17376025,39.91845624)\nCrimeData(2015-01-01,15:55:00.0,Aggravated Assault Firearm,-75.19323947,39.92688103)\nCrimeData(2015-01-01,23:46:00.0,Robbery Firearm,-75.19356481,39.92692647)\nCrimeData(2015-01-02,10:52:00.0,Theft from Vehicle,-75.17877691,39.9142244)\nCrimeData(2015-01-02,14:26:00.0,Theft from Vehicle,-75.18862964,39.92739659)\nCrimeData(2015-01-03,12:43:00.0,Thefts,-75.18147584,39.91823982)\nCrimeData(2015-01-03,13:08:00.0,Thefts,-75.18249755,39.92695112)\nCrimeData(2015-01-03,16:43:00.0,Theft from Vehicle,-75.17629853,39.92425967)\nCrimeData(2015-01-04,08:48:00.0,Thefts,-75.18673096,39.91878087)\nCrimeData(2015-01-04,10:10:00.0,Thefts,-75.17176403,39.91828871)\n"
      },
      "dateCreated": "Nov 24, 2015 1:13:57 AM",
      "dateStarted": "Nov 24, 2015 1:15:31 AM",
      "dateFinished": "Nov 24, 2015 1:15:32 AM",
      "status": "FINISHED",
      "progressUpdateIntervalMs": 500
    },
    {
      "text": "val groupedByOffenseRDD \u003d dataRDD.groupBy { data \u003d\u003e data.offense }",
      "dateUpdated": "Nov 24, 2015 1:15:45 AM",
      "config": {
        "colWidth": 12.0,
        "graph": {
          "mode": "table",
          "height": 300.0,
          "optionOpen": false,
          "keys": [],
          "values": [],
          "groups": [],
          "scatter": {}
        }
      },
      "settings": {
        "params": {},
        "forms": {}
      },
      "jobName": "paragraph_1448327661228_593609175",
      "id": "20151124-011421_1321714245",
      "result": {
        "code": "SUCCESS",
        "type": "TEXT",
        "msg": "groupedByOffenseRDD: org.apache.spark.rdd.RDD[(String, Iterable[CrimeData])] \u003d ShuffledRDD[32] at groupBy at \u003cconsole\u003e:34\n"
      },
      "dateCreated": "Nov 24, 2015 1:14:21 AM",
      "dateStarted": "Nov 24, 2015 1:15:45 AM",
      "dateFinished": "Nov 24, 2015 1:15:45 AM",
      "status": "FINISHED",
      "progressUpdateIntervalMs": 500
    },
    {
      "text": "groupedByOffenseRDD.take(10)",
      "dateUpdated": "Nov 24, 2015 1:19:55 AM",
      "config": {
        "colWidth": 12.0,
        "graph": {
          "mode": "table",
          "height": 300.0,
          "optionOpen": false,
          "keys": [],
          "values": [],
          "groups": [],
          "scatter": {}
        },
        "editorMode": "ace/mode/scala"
      },
      "settings": {
        "params": {},
        "forms": {}
      },
      "jobName": "paragraph_1448327745041_-1208631294",
      "id": "20151124-011545_983262568",
      "result": {
        "code": "SUCCESS",
        "type": "TEXT",
        "msg": "res138: Array[(String, Iterable[CrimeData])] \u003d Array((129338613,CompactBuffer(CrimeData(129239742,2015-10-19,129338613,Burglary Residential,-75.14163991))), (Homicide - Criminal,CompactBuffer(CrimeData(2015-01-22,16:23:00.0,Homicide - Criminal,-75.17201991,39.92080028), CrimeData(2015-04-23,22:37:00.0,Homicide - Criminal,-75.11115429,40.03559879), CrimeData(2015-05-10,21:25:00.0,Homicide - Criminal,-75.10029655,40.04462812), CrimeData(2015-07-25,12:56:00.0,Homicide - Criminal,-75.11043088,40.03798755), CrimeData(2015-09-20,18:18:00.0,Homicide - Criminal,-75.09301386,40.03083922), CrimeData(2015-09-26,05:09:00.0,Homicide - Criminal,-75.10421483,40.03070386), CrimeData(2015-09-04,20:13:00.0,Homicide - Criminal,-75.14918243,39.94162942), CrimeData(2015-10-14,21:33:00.0,Homicide - Criminal,..."
      },
      "dateCreated": "Nov 24, 2015 1:15:45 AM",
      "dateStarted": "Nov 24, 2015 1:19:55 AM",
      "dateFinished": "Nov 24, 2015 1:19:58 AM",
      "status": "FINISHED",
      "progressUpdateIntervalMs": 500
    },
    {
      "text": "val offenseCounts \u003d dataRDD.map(item \u003d\u003e (item.offense, 1)).countByKey()\nfor ((offense, count) \u003c- offenseCounts) {\n  println(f\"$offense%30s $count%5d\")\n}",
      "dateUpdated": "Nov 24, 2015 1:20:17 AM",
      "config": {
        "colWidth": 12.0,
        "graph": {
          "mode": "table",
          "height": 300.0,
          "optionOpen": false,
          "keys": [],
          "values": [],
          "groups": [],
          "scatter": {}
        }
      },
      "settings": {
        "params": {},
        "forms": {}
      },
      "jobName": "paragraph_1448327995928_-1105738584",
      "id": "20151124-011955_1787857896",
      "result": {
        "code": "SUCCESS",
        "type": "TEXT",
        "msg": "offenseCounts: scala.collection.Map[String,Long] \u003d Map(129342978 -\u003e 1, Rape -\u003e 1061, Burglary Residential -\u003e 5585, Motor Vehicle Theft -\u003e 1916, Burglary Non-Residential -\u003e 1251, Theft from Vehicle -\u003e 10608, 129338613 -\u003e 1, Thefts -\u003e 19619, Recovered Stolen Motor Vehicle -\u003e 5731, \"Homicide - Criminal \" -\u003e 40, Aggravated Assault Firearm -\u003e 1940, Robbery No Firearm -\u003e 3220, Robbery Firearm -\u003e 2384, Homicide - Criminal -\u003e 183, Aggravated Assault No Firearm -\u003e 4634)\n                     129342978     1\n                          Rape  1061\n          Burglary Residential  5585\n           Motor Vehicle Theft  1916\n      Burglary Non-Residential  1251\n            Theft from Vehicle 10608\n                     129338613     1\n                        Thefts 19619\nRecovered Stolen Motor Vehicle  5731\n        \"Homicide - Criminal \"    40\n    Aggravated Assault Firearm  1940\n            Robbery No Firearm  3220\n               Robbery Firearm  2384\n           Homicide - Criminal   183\n Aggravated Assault No Firearm  4634\n"
      },
      "dateCreated": "Nov 24, 2015 1:19:55 AM",
      "dateStarted": "Nov 24, 2015 1:20:17 AM",
      "dateFinished": "Nov 24, 2015 1:20:18 AM",
      "status": "FINISHED",
      "progressUpdateIntervalMs": 500
    },
    {
      "text": "val BadOffenseRE \u003d \"\"\"^\\d+$\"\"\".r\nval cleanedRDD \u003d dataRDD.map { data \u003d\u003e\n  data.copy(offense \u003d data.offense.replaceAll(\"\\\"\", \"\").trim())\n}.\nfilter { data \u003d\u003e\n  BadOffenseRE.findFirstIn(data.offense).isEmpty\n}",
      "dateUpdated": "Nov 24, 2015 1:21:28 AM",
      "config": {
        "colWidth": 12.0,
        "graph": {
          "mode": "table",
          "height": 300.0,
          "optionOpen": false,
          "keys": [],
          "values": [],
          "groups": [],
          "scatter": {}
        }
      },
      "settings": {
        "params": {},
        "forms": {}
      },
      "jobName": "paragraph_1448328017415_-1936780884",
      "id": "20151124-012017_800257841",
      "result": {
        "code": "SUCCESS",
        "type": "TEXT",
        "msg": "BadOffenseRE: scala.util.matching.Regex \u003d ^\\d+$\ncleanedRDD: org.apache.spark.rdd.RDD[CrimeData] \u003d MapPartitionsRDD[37] at filter at \u003cconsole\u003e:39\n"
      },
      "dateCreated": "Nov 24, 2015 1:20:17 AM",
      "dateStarted": "Nov 24, 2015 1:21:28 AM",
      "dateFinished": "Nov 24, 2015 1:21:28 AM",
      "status": "FINISHED",
      "progressUpdateIntervalMs": 500
    },
    {
      "text": "val groupedByOffenseRDD2 \u003d cleanedRDD.groupBy { data \u003d\u003e data.offense }\n\nval offenseCounts2 \u003d cleanedRDD.map(item \u003d\u003e (item.offense, 1)).countByKey()\nfor ((offense, count) \u003c- offenseCounts2) {\n  println(f\"$offense%30s $count%5d\")\n}",
      "dateUpdated": "Nov 24, 2015 1:21:45 AM",
      "config": {
        "colWidth": 12.0,
        "graph": {
          "mode": "table",
          "height": 300.0,
          "optionOpen": false,
          "keys": [],
          "values": [],
          "groups": [],
          "scatter": {}
        }
      },
      "settings": {
        "params": {},
        "forms": {}
      },
      "jobName": "paragraph_1448328088526_-1477901329",
      "id": "20151124-012128_5322023",
      "result": {
        "code": "SUCCESS",
        "type": "TEXT",
        "msg": "groupedByOffenseRDD2: org.apache.spark.rdd.RDD[(String, Iterable[CrimeData])] \u003d ShuffledRDD[39] at groupBy at \u003cconsole\u003e:38\noffenseCounts2: scala.collection.Map[String,Long] \u003d Map(Rape -\u003e 1061, Burglary Residential -\u003e 5585, Motor Vehicle Theft -\u003e 1916, Burglary Non-Residential -\u003e 1251, Theft from Vehicle -\u003e 10608, Thefts -\u003e 19619, Recovered Stolen Motor Vehicle -\u003e 5731, Aggravated Assault Firearm -\u003e 1940, Robbery No Firearm -\u003e 3220, Robbery Firearm -\u003e 2384, Homicide - Criminal -\u003e 223, Aggravated Assault No Firearm -\u003e 4634)\n                          Rape  1061\n          Burglary Residential  5585\n           Motor Vehicle Theft  1916\n      Burglary Non-Residential  1251\n            Theft from Vehicle 10608\n                        Thefts 19619\nRecovered Stolen Motor Vehicle  5731\n    Aggravated Assault Firearm  1940\n            Robbery No Firearm  3220\n               Robbery Firearm  2384\n           Homicide - Criminal   223\n Aggravated Assault No Firearm  4634\n"
      },
      "dateCreated": "Nov 24, 2015 1:21:28 AM",
      "dateStarted": "Nov 24, 2015 1:21:45 AM",
      "dateFinished": "Nov 24, 2015 1:21:46 AM",
      "status": "FINISHED",
      "progressUpdateIntervalMs": 500
    },
    {
      "text": "println(baseRDD.partitions.length)\nprintln(groupedByOffenseRDD2.partitions.length)",
      "dateUpdated": "Nov 24, 2015 1:31:14 AM",
      "config": {
        "colWidth": 12.0,
        "graph": {
          "mode": "table",
          "height": 300.0,
          "optionOpen": false,
          "keys": [],
          "values": [],
          "groups": [],
          "scatter": {}
        }
      },
      "settings": {
        "params": {},
        "forms": {}
      },
      "jobName": "paragraph_1448328330437_-1405246728",
      "id": "20151124-012530_367122947",
      "result": {
        "code": "SUCCESS",
        "type": "TEXT",
        "msg": "2\n2\n"
      },
      "dateCreated": "Nov 24, 2015 1:25:30 AM",
      "dateStarted": "Nov 24, 2015 1:31:14 AM",
      "dateFinished": "Nov 24, 2015 1:31:15 AM",
      "status": "FINISHED",
      "progressUpdateIntervalMs": 500
    },
    {
      "text": "    cleanedRDD.cache()",
      "dateUpdated": "Nov 24, 2015 1:32:09 AM",
      "config": {
        "colWidth": 12.0,
        "graph": {
          "mode": "table",
          "height": 300.0,
          "optionOpen": false,
          "keys": [],
          "values": [],
          "groups": [],
          "scatter": {}
        },
        "editorMode": "ace/mode/scala"
      },
      "settings": {
        "params": {},
        "forms": {}
      },
      "jobName": "paragraph_1448328674742_-1631187922",
      "id": "20151124-013114_216576669",
      "result": {
        "code": "SUCCESS",
        "type": "TEXT",
        "msg": "res151: cleanedRDD.type \u003d MapPartitionsRDD[37] at filter at \u003cconsole\u003e:39\n"
      },
      "dateCreated": "Nov 24, 2015 1:31:14 AM",
      "dateStarted": "Nov 24, 2015 1:32:09 AM",
      "dateFinished": "Nov 24, 2015 1:32:09 AM",
      "status": "FINISHED",
      "progressUpdateIntervalMs": 500
    },
    {
      "text": "cleanedRDD.count()",
      "dateUpdated": "Nov 24, 2015 1:33:07 AM",
      "config": {
        "colWidth": 12.0,
        "graph": {
          "mode": "table",
          "height": 300.0,
          "optionOpen": false,
          "keys": [],
          "values": [],
          "groups": [],
          "scatter": {}
        },
        "editorMode": "ace/mode/scala"
      },
      "settings": {
        "params": {},
        "forms": {}
      },
      "jobName": "paragraph_1448328729057_541397172",
      "id": "20151124-013209_588661334",
      "result": {
        "code": "SUCCESS",
        "type": "TEXT",
        "msg": "res153: Long \u003d 58172\n"
      },
      "dateCreated": "Nov 24, 2015 1:32:09 AM",
      "dateStarted": "Nov 24, 2015 1:33:07 AM",
      "dateFinished": "Nov 24, 2015 1:33:07 AM",
      "status": "FINISHED",
      "progressUpdateIntervalMs": 500
    },
    {
      "text": "val resultRDD1 \u003d cleanedRDD.filter { _.offense.toLowerCase contains \"homicide\" }.map {item \u003d\u003e (item.offense, 1) }.reduceByKey(_ + _)\nfor ((method, count) \u003c- resultRDD1.collect())\n  println(f\"$method%10s $count%d\")",
      "dateUpdated": "Nov 24, 2015 1:36:06 AM",
      "config": {
        "colWidth": 12.0,
        "graph": {
          "mode": "table",
          "height": 300.0,
          "optionOpen": false,
          "keys": [],
          "values": [],
          "groups": [],
          "scatter": {}
        }
      },
      "settings": {
        "params": {},
        "forms": {}
      },
      "jobName": "paragraph_1448328787322_-1595605488",
      "id": "20151124-013307_1037154012",
      "result": {
        "code": "SUCCESS",
        "type": "TEXT",
        "msg": "resultRDD1: org.apache.spark.rdd.RDD[(String, Int)] \u003d ShuffledRDD[49] at reduceByKey at \u003cconsole\u003e:38\nHomicide - Criminal 223\n"
      },
      "dateCreated": "Nov 24, 2015 1:33:07 AM",
      "dateStarted": "Nov 24, 2015 1:36:06 AM",
      "dateFinished": "Nov 24, 2015 1:36:07 AM",
      "status": "FINISHED",
      "progressUpdateIntervalMs": 500
    },
    {
      "config": {},
      "settings": {
        "params": {},
        "forms": {}
      },
      "jobName": "paragraph_1448328950345_-1603299943",
      "id": "20151124-013550_405367202",
      "dateCreated": "Nov 24, 2015 1:35:50 AM",
      "status": "READY",
      "progressUpdateIntervalMs": 500
    }
  ],
  "name": "ZELTOV - Spark RDD - Philly Crime Data",
  "id": "2B6HKTZDK",
  "angularObjects": {
    "2B3Q5RH75": [],
    "2B4KR7G6M": [],
    "2B3HNUWRE": [],
    "2B4S88X2P": [],
    "2B42JEQTW": [],
    "2B5QU2Q5Z": [],
    "2B6KHHKCV": [],
    "2B4W24RMK": [],
    "2B3374TMK": [],
    "2B4ZUMK38": [],
    "2B42N38FM": [],
    "2B4RXUWHA": [],
    "2B2R6FW9Q": []
  },
  "config": {
    "looknfeel": "default"
  },
  "info": {}
}