{
  "paragraphs": [
    {
      "text": "%md\n## Welcome to Zeppelin.\n##### This is a live tutorial, you can run the code yourself. (Shift-Enter to Run)",
      "config": {
        "colWidth": 12.0,
        "graph": {
          "mode": "table",
          "height": 300.0,
          "optionOpen": false,
          "keys": [],
          "values": [],
          "groups": [],
          "scatter": {}
        },
        "editorHide": true
      },
      "settings": {
        "params": {},
        "forms": {}
      },
      "jobName": "paragraph_1423836981412_-1007008116",
      "id": "20150213-231621_168813393",
      "result": {
        "code": "SUCCESS",
        "type": "HTML",
        "msg": "\u003ch2\u003eWelcome to Zeppelin.\u003c/h2\u003e\n\u003ch5\u003eThis is a live tutorial, you can run the code yourself. (Shift-Enter to Run)\u003c/h5\u003e\n"
      },
      "dateCreated": "Feb 13, 2015 11:16:21 PM",
      "dateStarted": "Apr 1, 2015 9:11:09 PM",
      "dateFinished": "Apr 1, 2015 9:11:10 PM",
      "status": "FINISHED",
      "progressUpdateIntervalMs": 500
    },
    {
      "title": "Load data into table",
      "text": "import org.apache.commons.io.IOUtils\nimport java.net.URL\nimport java.nio.charset.Charset\n\n// Zeppelin creates and injects sc (SparkContext) and sqlContext (HiveContext or SqlContext)\n// So you don\u0027t need create them manually\n\n// load bank data\nval bankText \u003d sc.parallelize(\n    IOUtils.toString(\n        new URL(\"https://s3.amazonaws.com/apache-zeppelin/tutorial/bank/bank.csv\"),\n        Charset.forName(\"utf8\")).split(\"\\n\"))\n\ncase class Bank(age: Integer, job: String, marital: String, education: String, balance: Integer)\n\nval bank \u003d bankText.map(s \u003d\u003e s.split(\";\")).filter(s \u003d\u003e s(0) !\u003d \"\\\"age\\\"\").map(\n    s \u003d\u003e Bank(s(0).toInt, \n            s(1).replaceAll(\"\\\"\", \"\"),\n            s(2).replaceAll(\"\\\"\", \"\"),\n            s(3).replaceAll(\"\\\"\", \"\"),\n            s(5).replaceAll(\"\\\"\", \"\").toInt\n        )\n).toDF()\nbank.registerTempTable(\"bank\")",
      "dateUpdated": "Nov 24, 2015 1:09:13 AM",
      "config": {
        "colWidth": 12.0,
        "graph": {
          "mode": "table",
          "height": 300.0,
          "optionOpen": false,
          "keys": [],
          "values": [],
          "groups": [],
          "scatter": {}
        },
        "title": true,
        "editorMode": "ace/mode/scala"
      },
      "settings": {
        "params": {},
        "forms": {}
      },
      "jobName": "paragraph_1423500779206_-1502780787",
      "id": "20150210-015259_1403135953",
      "result": {
        "code": "SUCCESS",
        "type": "TEXT",
        "msg": "import org.apache.commons.io.IOUtils\nimport java.net.URL\nimport java.nio.charset.Charset\nbankText: org.apache.spark.rdd.RDD[String] \u003d ParallelCollectionRDD[8] at parallelize at \u003cconsole\u003e:31\ndefined class Bank\nbank: org.apache.spark.sql.DataFrame \u003d [age: int, job: string, marital: string, education: string, balance: int]\n"
      },
      "dateCreated": "Feb 10, 2015 1:52:59 AM",
      "dateStarted": "Nov 24, 2015 1:09:13 AM",
      "dateFinished": "Nov 24, 2015 1:09:16 AM",
      "status": "FINISHED",
      "progressUpdateIntervalMs": 500
    },
    {
      "text": "%sql \nselect age, count(1) value\nfrom bank \nwhere age \u003c 30 \ngroup by age \norder by age",
      "dateUpdated": "Nov 24, 2015 1:09:18 AM",
      "config": {
        "colWidth": 4.0,
        "graph": {
          "mode": "multiBarChart",
          "height": 300.0,
          "optionOpen": false,
          "keys": [
            {
              "name": "age",
              "index": 0.0,
              "aggr": "sum"
            }
          ],
          "values": [
            {
              "name": "value",
              "index": 1.0,
              "aggr": "sum"
            }
          ],
          "groups": [],
          "scatter": {
            "xAxis": {
              "name": "age",
              "index": 0.0,
              "aggr": "sum"
            },
            "yAxis": {
              "name": "value",
              "index": 1.0,
              "aggr": "sum"
            }
          }
        }
      },
      "settings": {
        "params": {},
        "forms": {}
      },
      "jobName": "paragraph_1423500782552_-1439281894",
      "id": "20150210-015302_1492795503",
      "result": {
        "code": "SUCCESS",
        "type": "TABLE",
        "msg": "age\tvalue\n19\t4\n20\t3\n21\t7\n22\t9\n23\t20\n24\t24\n25\t44\n26\t77\n27\t94\n28\t103\n29\t97\n"
      },
      "dateCreated": "Feb 10, 2015 1:53:02 AM",
      "dateStarted": "Nov 24, 2015 1:09:18 AM",
      "dateFinished": "Nov 24, 2015 1:09:23 AM",
      "status": "FINISHED",
      "progressUpdateIntervalMs": 500
    },
    {
      "text": "%sql \nselect age, count(1) value \nfrom bank \nwhere age \u003c ${maxAge\u003d30} \ngroup by age \norder by age",
      "config": {
        "colWidth": 4.0,
        "graph": {
          "mode": "multiBarChart",
          "height": 300.0,
          "optionOpen": false,
          "keys": [
            {
              "name": "age",
              "index": 0.0,
              "aggr": "sum"
            }
          ],
          "values": [
            {
              "name": "value",
              "index": 1.0,
              "aggr": "sum"
            }
          ],
          "groups": [],
          "scatter": {
            "xAxis": {
              "name": "age",
              "index": 0.0,
              "aggr": "sum"
            },
            "yAxis": {
              "name": "value",
              "index": 1.0,
              "aggr": "sum"
            }
          }
        }
      },
      "settings": {
        "params": {
          "maxAge": "35"
        },
        "forms": {
          "maxAge": {
            "name": "maxAge",
            "defaultValue": "30",
            "hidden": false
          }
        }
      },
      "jobName": "paragraph_1423720444030_-1424110477",
      "id": "20150212-145404_867439529",
      "result": {
        "code": "SUCCESS",
        "type": "TABLE",
        "msg": "age\tvalue\n19\t4\n20\t3\n21\t7\n22\t9\n23\t20\n24\t24\n25\t44\n26\t77\n27\t94\n28\t103\n29\t97\n30\t150\n31\t199\n32\t224\n33\t186\n34\t231\n"
      },
      "dateCreated": "Feb 12, 2015 2:54:04 PM",
      "dateStarted": "Jul 3, 2015 1:43:28 PM",
      "dateFinished": "Jul 3, 2015 1:43:29 PM",
      "status": "FINISHED",
      "progressUpdateIntervalMs": 500
    },
    {
      "text": "%sql \nselect age, count(1) value \nfrom bank \nwhere marital\u003d\"${marital\u003dsingle,single|divorced|married}\" \ngroup by age \norder by age",
      "config": {
        "colWidth": 4.0,
        "graph": {
          "mode": "multiBarChart",
          "height": 300.0,
          "optionOpen": false,
          "keys": [
            {
              "name": "age",
              "index": 0.0,
              "aggr": "sum"
            }
          ],
          "values": [
            {
              "name": "value",
              "index": 1.0,
              "aggr": "sum"
            }
          ],
          "groups": [],
          "scatter": {
            "xAxis": {
              "name": "age",
              "index": 0.0,
              "aggr": "sum"
            },
            "yAxis": {
              "name": "value",
              "index": 1.0,
              "aggr": "sum"
            }
          }
        }
      },
      "settings": {
        "params": {
          "marital": "single"
        },
        "forms": {
          "marital": {
            "name": "marital",
            "defaultValue": "single",
            "options": [
              {
                "value": "single"
              },
              {
                "value": "divorced"
              },
              {
                "value": "married"
              }
            ],
            "hidden": false
          }
        }
      },
      "jobName": "paragraph_1423836262027_-210588283",
      "id": "20150213-230422_1600658137",
      "result": {
        "code": "SUCCESS",
        "type": "TABLE",
        "msg": "age\tvalue\n19\t4\n20\t3\n21\t7\n22\t9\n23\t17\n24\t13\n25\t33\n26\t56\n27\t64\n28\t78\n29\t56\n30\t92\n31\t86\n32\t105\n33\t61\n34\t75\n35\t46\n36\t50\n37\t43\n38\t44\n39\t30\n40\t25\n41\t19\n42\t23\n43\t21\n44\t20\n45\t15\n46\t14\n47\t12\n48\t12\n49\t11\n50\t8\n51\t6\n52\t9\n53\t4\n55\t3\n56\t3\n57\t2\n58\t7\n59\t2\n60\t5\n66\t2\n69\t1\n"
      },
      "dateCreated": "Feb 13, 2015 11:04:22 PM",
      "dateStarted": "Jul 3, 2015 1:43:33 PM",
      "dateFinished": "Jul 3, 2015 1:43:34 PM",
      "status": "FINISHED",
      "progressUpdateIntervalMs": 500
    },
    {
      "text": "%md\n## Congratulations, it\u0027s done.\n##### You can create your own notebook in \u0027Notebook\u0027 menu. Good luck!",
      "config": {
        "colWidth": 12.0,
        "graph": {
          "mode": "table",
          "height": 300.0,
          "optionOpen": false,
          "keys": [],
          "values": [],
          "groups": [],
          "scatter": {}
        },
        "editorHide": true
      },
      "settings": {
        "params": {},
        "forms": {}
      },
      "jobName": "paragraph_1423836268492_216498320",
      "id": "20150213-230428_1231780373",
      "result": {
        "code": "SUCCESS",
        "type": "HTML",
        "msg": "\u003ch2\u003eCongratulations, it\u0027s done.\u003c/h2\u003e\n\u003ch5\u003eYou can create your own notebook in \u0027Notebook\u0027 menu. Good luck!\u003c/h5\u003e\n"
      },
      "dateCreated": "Feb 13, 2015 11:04:28 PM",
      "dateStarted": "Apr 1, 2015 9:12:18 PM",
      "dateFinished": "Apr 1, 2015 9:12:18 PM",
      "status": "FINISHED",
      "progressUpdateIntervalMs": 500
    },
    {
      "text": "%md\n\nAbout bank data\n\n```\nCitation Request:\n  This dataset is public available for research. The details are described in [Moro et al., 2011]. \n  Please include this citation if you plan to use this database:\n\n  [Moro et al., 2011] S. Moro, R. Laureano and P. Cortez. Using Data Mining for Bank Direct Marketing: An Application of the CRISP-DM Methodology. \n  In P. Novais et al. (Eds.), Proceedings of the European Simulation and Modelling Conference - ESM\u00272011, pp. 117-121, Guimarães, Portugal, October, 2011. EUROSIS.\n\n  Available at: [pdf] http://hdl.handle.net/1822/14838\n                [bib] http://www3.dsi.uminho.pt/pcortez/bib/2011-esm-1.txt\n```",
      "config": {
        "colWidth": 12.0,
        "graph": {
          "mode": "table",
          "height": 300.0,
          "optionOpen": false,
          "keys": [],
          "values": [],
          "groups": [],
          "scatter": {}
        },
        "editorHide": true
      },
      "settings": {
        "params": {},
        "forms": {}
      },
      "jobName": "paragraph_1427420818407_872443482",
      "id": "20150326-214658_12335843",
      "result": {
        "code": "SUCCESS",
        "type": "HTML",
        "msg": "\u003cp\u003eAbout bank data\u003c/p\u003e\n\u003cpre\u003e\u003ccode\u003eCitation Request:\n  This dataset is public available for research. The details are described in [Moro et al., 2011]. \n  Please include this citation if you plan to use this database:\n\n  [Moro et al., 2011] S. Moro, R. Laureano and P. Cortez. Using Data Mining for Bank Direct Marketing: An Application of the CRISP-DM Methodology. \n  In P. Novais et al. (Eds.), Proceedings of the European Simulation and Modelling Conference - ESM\u00272011, pp. 117-121, Guimarães, Portugal, October, 2011. EUROSIS.\n\n  Available at: [pdf] http://hdl.handle.net/1822/14838\n                [bib] http://www3.dsi.uminho.pt/pcortez/bib/2011-esm-1.txt\n\u003c/code\u003e\u003c/pre\u003e\n"
      },
      "dateCreated": "Mar 26, 2015 9:46:58 PM",
      "dateStarted": "Jul 3, 2015 1:44:56 PM",
      "dateFinished": "Jul 3, 2015 1:44:56 PM",
      "status": "FINISHED",
      "progressUpdateIntervalMs": 500
    },
    {
      "text": "val baseRDD \u003d sc.textFile(\"philadelphia-crime-data-2015-ytd.csv\")",
      "dateUpdated": "Nov 24, 2015 1:10:16 AM",
      "config": {
        "colWidth": 12.0,
        "graph": {
          "mode": "table",
          "height": 300.0,
          "optionOpen": false,
          "keys": [],
          "values": [],
          "groups": [],
          "scatter": {}
        },
        "editorMode": "ace/mode/scala"
      },
      "settings": {
        "params": {},
        "forms": {}
      },
      "jobName": "paragraph_1435955447812_-158639899",
      "id": "20150703-133047_853701097",
      "result": {
        "code": "SUCCESS",
        "type": "TEXT",
        "msg": "baseRDD: org.apache.spark.rdd.RDD[String] \u003d MapPartitionsRDD[26] at textFile at \u003cconsole\u003e:26\n"
      },
      "dateCreated": "Jul 3, 2015 1:30:47 PM",
      "dateStarted": "Nov 24, 2015 1:10:16 AM",
      "dateFinished": "Nov 24, 2015 1:10:17 AM",
      "status": "FINISHED",
      "progressUpdateIntervalMs": 500
    },
    {
      "text": "\nbaseRDD.take(10).foreach(println)",
      "dateUpdated": "Nov 24, 2015 1:11:02 AM",
      "config": {
        "colWidth": 12.0,
        "graph": {
          "mode": "table",
          "height": 300.0,
          "optionOpen": false,
          "keys": [],
          "values": [],
          "groups": [],
          "scatter": {}
        },
        "editorMode": "ace/mode/scala"
      },
      "settings": {
        "params": {},
        "forms": {}
      },
      "jobName": "paragraph_1448327416956_1577459730",
      "id": "20151124-011016_547067157",
      "result": {
        "code": "SUCCESS",
        "type": "TEXT",
        "msg": "SECTOR,DC_DIST,DC_KEY,LOCATION_BLOCK,UCR_GENERAL,OBJECTID,TEXT_GENERAL_CODE,POINT_X,POINT_Y,SHAPE,DISPATCH_DATE,DISPATCH_TIME\n1,1,201501000030,1500 BLOCK SHUNK ST,400,129338817,Aggravated Assault No Firearm,-75.17376025,39.91845624,129239946,2015-01-01,02:28:00.0\n1,1,201501000060,2800 BLOCK CANTRELL ST,400,129332317,Aggravated Assault Firearm,-75.19323947,39.92688103,129233446,2015-01-01,15:55:00.0\n1,1,201501000081,2800 BLOCK CANTRELL ST,300,129330354,Robbery Firearm,-75.19356481,39.92692647,129231483,2015-01-01,23:46:00.0\n2,1,201501000155,1800 BLOCK W MOYAMENSING AVE,600,129372455,Theft from Vehicle,-75.17877691,39.9142244,129273584,2015-01-02,10:52:00.0\n1,1,201501000173,2000 BLOCK POINT BREEZE AVE,600,129345460,Theft from Vehicle,-75.18862964,39.92739659,129246589,2015-01-02,14:26:00.0\n1,1,201501000282,2000 BLOCK OREGON AV,600,129365351,Thefts,-75.18147584,39.91823982,129266480,2015-01-03,12:43:00.0\n1,1,201501000284,2000 BLOCK S 22ND ST,600,129352165,Thefts,-75.18249755,39.92695112,129253294,2015-01-03,13:08:00.0\n1,1,201501000297,S 18TH ST / W PASSYUNK AV,600,129372464,Theft from Vehicle,-75.17629853,39.92425967,129273593,2015-01-03,16:43:00.0\n2,1,201501000356,2300 BLOCK OREGON AVE,600,129352170,Thefts,-75.18673096,39.91878087,129253299,2015-01-04,08:48:00.0\n"
      },
      "dateCreated": "Nov 24, 2015 1:10:16 AM",
      "dateStarted": "Nov 24, 2015 1:11:02 AM",
      "dateFinished": "Nov 24, 2015 1:11:03 AM",
      "status": "FINISHED",
      "progressUpdateIntervalMs": 500
    },
    {
      "config": {},
      "settings": {
        "params": {},
        "forms": {}
      },
      "jobName": "paragraph_1448327462913_-1622619466",
      "id": "20151124-011102_1384614116",
      "dateCreated": "Nov 24, 2015 1:11:02 AM",
      "status": "READY",
      "progressUpdateIntervalMs": 500
    }
  ],
  "name": "Zeppelin Tutorial",
  "id": "2A94M5J1Z",
  "angularObjects": {
    "2B3Q5RH75": [],
    "2B4KR7G6M": [],
    "2B3HNUWRE": [],
    "2B4S88X2P": [],
    "2B42JEQTW": [],
    "2B5QU2Q5Z": [],
    "2B6KHHKCV": [],
    "2B4W24RMK": [],
    "2B3374TMK": [],
    "2B4ZUMK38": [],
    "2B42N38FM": [],
    "2B4RXUWHA": [],
    "2B2R6FW9Q": []
  },
  "config": {
    "looknfeel": "default"
  },
  "info": {}
}