{
  "paragraphs": [
    {
      "text": "sqlContext\n",
      "dateUpdated": "Nov 4, 2015 4:30:03 PM",
      "config": {
        "colWidth": 12.0,
        "graph": {
          "mode": "table",
          "height": 300.0,
          "optionOpen": false,
          "keys": [],
          "values": [],
          "groups": [],
          "scatter": {}
        },
        "editorMode": "ace/mode/scala"
      },
      "settings": {
        "params": {},
        "forms": {}
      },
      "jobName": "paragraph_1446654571864_-1578310787",
      "id": "20151104-162931_1496536700",
      "result": {
        "code": "SUCCESS",
        "type": "TEXT",
        "msg": "res251: org.apache.spark.sql.SQLContext \u003d org.apache.spark.sql.hive.HiveContext@41d02eb0\n"
      },
      "dateCreated": "Nov 4, 2015 4:29:31 PM",
      "dateStarted": "Nov 4, 2015 4:30:03 PM",
      "dateFinished": "Nov 4, 2015 4:30:03 PM",
      "status": "FINISHED",
      "progressUpdateIntervalMs": 500
    },
    {
      "text": "System.getProperty(\"java.class.path\").split(\":\").sorted.foreach(println)\n",
      "dateUpdated": "Nov 4, 2015 6:58:13 PM",
      "config": {
        "colWidth": 12.0,
        "graph": {
          "mode": "table",
          "height": 300.0,
          "optionOpen": false,
          "keys": [],
          "values": [],
          "groups": [],
          "scatter": {}
        },
        "editorMode": "ace/mode/scala"
      },
      "settings": {
        "params": {},
        "forms": {}
      },
      "jobName": "paragraph_1446654603336_-2121329402",
      "id": "20151104-163003_817222539",
      "result": {
        "code": "SUCCESS",
        "type": "TEXT",
        "msg": "/etc/hadoop/conf/\n/opt/incubator-zeppelin/interpreter/spark/zeppelin-spark-0.6.0-incubating-SNAPSHOT.jar\n/usr/hdp/2.3.2.0-2950/spark/conf/\n/usr/hdp/2.3.2.0-2950/spark/lib/datanucleus-api-jdo-3.2.6.jar\n/usr/hdp/2.3.2.0-2950/spark/lib/datanucleus-core-3.2.10.jar\n/usr/hdp/2.3.2.0-2950/spark/lib/datanucleus-rdbms-3.2.9.jar\n/usr/hdp/2.3.2.0-2950/spark/lib/spark-assembly-1.4.1.2.3.2.0-2950-hadoop2.7.1.2.3.2.0-2950.jar\n/usr/hdp/current/hadoop-client/hadoop-azure.jar\n/usr/hdp/current/hadoop-client/lib/azure-storage-2.2.0.jar\n"
      },
      "dateCreated": "Nov 4, 2015 4:30:03 PM",
      "dateStarted": "Nov 4, 2015 6:58:13 PM",
      "dateFinished": "Nov 4, 2015 6:58:13 PM",
      "status": "FINISHED",
      "progressUpdateIntervalMs": 500
    },
    {
      "text": "%dep\nz.addRepo(\"Spark Packages Repo\").url(\"http://dl.bintray.com/spark-packages/maven\")\nz.load(\"harsha2010:magellan:1.0.3-s_2.10\")",
      "dateUpdated": "Nov 4, 2015 8:09:42 PM",
      "config": {
        "colWidth": 12.0,
        "graph": {
          "mode": "table",
          "height": 300.0,
          "optionOpen": false,
          "keys": [],
          "values": [],
          "groups": [],
          "scatter": {}
        },
        "editorMode": "ace/mode/scala"
      },
      "settings": {
        "params": {},
        "forms": {}
      },
      "jobName": "paragraph_1446663493032_962334435",
      "id": "20151104-185813_2073751280",
      "result": {
        "code": "ERROR",
        "type": "TEXT",
        "msg": "Must be used before SparkInterpreter (%spark) initialized"
      },
      "dateCreated": "Nov 4, 2015 6:58:13 PM",
      "dateStarted": "Nov 4, 2015 8:09:42 PM",
      "dateFinished": "Nov 4, 2015 8:09:43 PM",
      "status": "ERROR",
      "progressUpdateIntervalMs": 500
    },
    {
      "config": {},
      "settings": {
        "params": {},
        "forms": {}
      },
      "jobName": "paragraph_1446667701410_-134299345",
      "id": "20151104-200821_149090166",
      "dateCreated": "Nov 4, 2015 8:08:21 PM",
      "status": "READY",
      "progressUpdateIntervalMs": 500
    }
  ],
  "name": "SparkClass - Day2",
  "id": "2B4H37P8G",
  "angularObjects": {
    "2B3JK1AJF": [],
    "2B54KU1S9": [],
    "2B234PXKY": [],
    "2B1TWFH5X": [],
    "2B42MN9UV": [],
    "2B49FRXSJ": [],
    "2B3WVMGUU": [],
    "2B3S2M1PG": [],
    "2B3RC7YNW": [],
    "2B468TAR1": [],
    "2B4WPUX2C": [],
    "2B3UHXV87": [],
    "2B32H8B5W": [],
    "2B4SXBHF9": []
  },
  "config": {
    "looknfeel": "default"
  },
  "info": {}
}