{
  "paragraphs": [
    {
      "text": "val df \u003d sqlContext.jsonFile(\"/tmp/people.json\")",
      "dateUpdated": "Nov 24, 2015 6:34:47 PM",
      "config": {
        "colWidth": 12.0,
        "graph": {
          "mode": "table",
          "height": 300.0,
          "optionOpen": false,
          "keys": [],
          "values": [],
          "groups": [],
          "scatter": {}
        },
        "editorMode": "ace/mode/scala",
        "editorHide": false
      },
      "settings": {
        "params": {},
        "forms": {}
      },
      "jobName": "paragraph_1448338450150_-2069242969",
      "id": "20151124-041410_2046865991",
      "result": {
        "code": "SUCCESS",
        "type": "TEXT",
        "msg": "warning: there were 1 deprecation warning(s); re-run with -deprecation for details\ndf: org.apache.spark.sql.DataFrame \u003d [age: bigint, name: string]\n"
      },
      "dateCreated": "Nov 24, 2015 4:14:10 AM",
      "dateStarted": "Nov 24, 2015 6:34:28 PM",
      "dateFinished": "Nov 24, 2015 6:34:30 PM",
      "status": "FINISHED",
      "progressUpdateIntervalMs": 500
    },
    {
      "text": "df.show ",
      "dateUpdated": "Nov 24, 2015 6:34:47 PM",
      "config": {
        "colWidth": 12.0,
        "graph": {
          "mode": "table",
          "height": 300.0,
          "optionOpen": false,
          "keys": [],
          "values": [],
          "groups": [],
          "scatter": {}
        },
        "editorMode": "ace/mode/scala",
        "editorHide": false
      },
      "settings": {
        "params": {},
        "forms": {}
      },
      "jobName": "paragraph_1448338465455_-477690011",
      "id": "20151124-041425_2124030576",
      "result": {
        "code": "SUCCESS",
        "type": "TEXT",
        "msg": "+----+-------+\n| age|   name|\n+----+-------+\n|null|Michael|\n|  30|   Andy|\n|  19| Justin|\n+----+-------+\n\n"
      },
      "dateCreated": "Nov 24, 2015 4:14:25 AM",
      "dateStarted": "Nov 24, 2015 6:34:33 PM",
      "dateFinished": "Nov 24, 2015 6:34:35 PM",
      "status": "FINISHED",
      "progressUpdateIntervalMs": 500
    },
    {
      "text": "import org.apache.spark.sql.functions._",
      "dateUpdated": "Nov 24, 2015 6:34:48 PM",
      "config": {
        "colWidth": 12.0,
        "graph": {
          "mode": "table",
          "height": 300.0,
          "optionOpen": false,
          "keys": [],
          "values": [],
          "groups": [],
          "scatter": {}
        },
        "editorMode": "ace/mode/scala",
        "editorHide": false
      },
      "settings": {
        "params": {},
        "forms": {}
      },
      "jobName": "paragraph_1448338507412_570042540",
      "id": "20151124-041507_1716992350",
      "result": {
        "code": "SUCCESS",
        "type": "TEXT",
        "msg": "import org.apache.spark.sql.functions._\n"
      },
      "dateCreated": "Nov 24, 2015 4:15:07 AM",
      "dateStarted": "Nov 24, 2015 4:15:24 AM",
      "dateFinished": "Nov 24, 2015 4:15:25 AM",
      "status": "FINISHED",
      "progressUpdateIntervalMs": 500
    },
    {
      "text": "// Select everybody, but increment the age by 1\ndf.select(df(\"name\"), df(\"age\") + 1).show()\n\n// Select people older than 21\ndf.filter(df(\"age\") \u003e 21).show()\n\n// Count people by age\ndf.groupBy(\"age\").count().show()",
      "dateUpdated": "Nov 24, 2015 6:34:48 PM",
      "config": {
        "colWidth": 12.0,
        "graph": {
          "mode": "table",
          "height": 300.0,
          "optionOpen": false,
          "keys": [],
          "values": [],
          "groups": [],
          "scatter": {}
        },
        "editorMode": "ace/mode/scala",
        "editorHide": false
      },
      "settings": {
        "params": {},
        "forms": {}
      },
      "jobName": "paragraph_1448338524461_-998027055",
      "id": "20151124-041524_1996616653",
      "result": {
        "code": "SUCCESS",
        "type": "TEXT",
        "msg": "+-------+---------+\n|   name|(age + 1)|\n+-------+---------+\n|Michael|     null|\n|   Andy|       31|\n| Justin|       20|\n+-------+---------+\n\n+---+----+\n|age|name|\n+---+----+\n| 30|Andy|\n+---+----+\n\n+----+-----+\n| age|count|\n+----+-----+\n|null|    1|\n|  19|    1|\n|  30|    1|\n+----+-----+\n\n"
      },
      "dateCreated": "Nov 24, 2015 4:15:24 AM",
      "dateStarted": "Nov 24, 2015 4:15:51 AM",
      "dateFinished": "Nov 24, 2015 4:15:55 AM",
      "status": "FINISHED",
      "progressUpdateIntervalMs": 500
    },
    {
      "text": "import org.apache.spark.sql._\nval sqlContext \u003d new org.apache.spark.sql.SQLContext(sc)\nval people \u003d sc.textFile(\"/tmp/people.txt\")\nval schemaString \u003d \"name age\"\n\n",
      "dateUpdated": "Nov 24, 2015 6:34:48 PM",
      "config": {
        "colWidth": 12.0,
        "graph": {
          "mode": "table",
          "height": 300.0,
          "optionOpen": false,
          "keys": [],
          "values": [],
          "groups": [],
          "scatter": {}
        },
        "editorMode": "ace/mode/scala",
        "editorHide": false
      },
      "settings": {
        "params": {},
        "forms": {}
      },
      "jobName": "paragraph_1448338551487_-1315029500",
      "id": "20151124-041551_464771867",
      "result": {
        "code": "SUCCESS",
        "type": "TEXT",
        "msg": "import org.apache.spark.sql._\nsqlContext: org.apache.spark.sql.SQLContext \u003d org.apache.spark.sql.SQLContext@59a47007\npeople: org.apache.spark.rdd.RDD[String] \u003d MapPartitionsRDD[22] at textFile at \u003cconsole\u003e:26\nschemaString: String \u003d name age\n"
      },
      "dateCreated": "Nov 24, 2015 4:15:51 AM",
      "dateStarted": "Nov 24, 2015 5:25:33 PM",
      "dateFinished": "Nov 24, 2015 5:25:34 PM",
      "status": "FINISHED",
      "progressUpdateIntervalMs": 500
    },
    {
      "text": "people.count()\n\npeople.collect().foreach(println)",
      "dateUpdated": "Nov 24, 2015 6:34:48 PM",
      "config": {
        "colWidth": 12.0,
        "graph": {
          "mode": "table",
          "height": 300.0,
          "optionOpen": false,
          "keys": [],
          "values": [],
          "groups": [],
          "scatter": {}
        },
        "editorMode": "ace/mode/scala",
        "editorHide": false
      },
      "settings": {
        "params": {},
        "forms": {}
      },
      "jobName": "paragraph_1448385940533_-1554768793",
      "id": "20151124-172540_1572750255",
      "result": {
        "code": "SUCCESS",
        "type": "TEXT",
        "msg": "res28: Long \u003d 3\nMichael, 29\nAndy, 30\nJustin, 19\n"
      },
      "dateCreated": "Nov 24, 2015 5:25:40 PM",
      "dateStarted": "Nov 24, 2015 5:26:44 PM",
      "dateFinished": "Nov 24, 2015 5:26:44 PM",
      "status": "FINISHED",
      "progressUpdateIntervalMs": 500
    },
    {
      "text": "import org.apache.spark.sql.types.{StructType,StructField,StringType}\n\nval schema \u003d StructType(schemaString.split(\" \").map(fieldName \u003d\u003e StructField(fieldName, StringType, true)))\nval rowRDD \u003d people.map(_.split(\",\")).map(p \u003d\u003e Row(p(0), p(1).trim))\nval peopleDataFrame \u003d sqlContext.createDataFrame(rowRDD, schema)\n\npeopleDataFrame.registerTempTable(\"people\")\n\nval results \u003d sqlContext.sql(\"SELECT name FROM people\")\nresults.map(t \u003d\u003e \"Name: \" + t(0)).collect().foreach(println)",
      "dateUpdated": "Nov 24, 2015 6:34:49 PM",
      "config": {
        "colWidth": 12.0,
        "graph": {
          "mode": "table",
          "height": 300.0,
          "optionOpen": false,
          "keys": [],
          "values": [],
          "groups": [],
          "scatter": {}
        },
        "editorMode": "ace/mode/scala",
        "editorHide": false
      },
      "settings": {
        "params": {},
        "forms": {}
      },
      "jobName": "paragraph_1448338809877_-902980397",
      "id": "20151124-042009_1674147337",
      "result": {
        "code": "SUCCESS",
        "type": "TEXT",
        "msg": "import org.apache.spark.sql.types.{StructType, StructField, StringType}\nschema: org.apache.spark.sql.types.StructType \u003d StructType(StructField(name,StringType,true), StructField(age,StringType,true))\nrowRDD: org.apache.spark.rdd.RDD[org.apache.spark.sql.Row] \u003d MapPartitionsRDD[24] at map at \u003cconsole\u003e:29\npeopleDataFrame: org.apache.spark.sql.DataFrame \u003d [name: string, age: string]\nresults: org.apache.spark.sql.DataFrame \u003d [name: string]\nName: Michael\nName: Andy\nName: Justin\n"
      },
      "dateCreated": "Nov 24, 2015 4:20:09 AM",
      "dateStarted": "Nov 24, 2015 5:26:27 PM",
      "dateFinished": "Nov 24, 2015 5:26:29 PM",
      "status": "FINISHED",
      "progressUpdateIntervalMs": 500
    },
    {
      "dateUpdated": "Nov 24, 2015 6:34:49 PM",
      "config": {
        "colWidth": 12.0,
        "graph": {
          "mode": "table",
          "height": 300.0,
          "optionOpen": false,
          "keys": [],
          "values": [],
          "groups": [],
          "scatter": {}
        },
        "editorMode": "ace/mode/scala",
        "editorHide": false
      },
      "settings": {
        "params": {},
        "forms": {}
      },
      "jobName": "paragraph_1448385987750_-700398017",
      "id": "20151124-172627_2023794195",
      "dateCreated": "Nov 24, 2015 5:26:27 PM",
      "status": "READY",
      "progressUpdateIntervalMs": 500
    }
  ],
  "name": "ZELTOV - People DataFrames Json",
  "id": "2B4B7EWY7",
  "angularObjects": {
    "2B3Q5RH75": [],
    "2B4KR7G6M": [],
    "2B3HNUWRE": [],
    "2B4S88X2P": [],
    "2B42JEQTW": [],
    "2B5QU2Q5Z": [],
    "2B6KHHKCV": [],
    "2B4W24RMK": [],
    "2B3374TMK": [],
    "2B4ZUMK38": [],
    "2B42N38FM": [],
    "2B4RXUWHA": [],
    "2B2R6FW9Q": []
  },
  "config": {
    "looknfeel": "default"
  },
  "info": {}
}