{
  "paragraphs": [
    {
      "text": "%dep\nz.addRepo(\"Spark Packages Repo\").url(\"http://dl.bintray.com/spark-packages/maven\")\nz.load(\"harsha2010:magellan:1.0.3-s_2.10\")\nz.load(\"mysql:mysql-connector-java:5.1.35\")\nz.load(\"com.databricks:spark-csv_2.11:1.1.0\")",
      "dateUpdated": "Nov 24, 2015 8:01:00 PM",
      "config": {
        "colWidth": 12.0,
        "graph": {
          "mode": "table",
          "height": 300.0,
          "optionOpen": false,
          "keys": [],
          "values": [],
          "groups": [],
          "scatter": {}
        },
        "editorMode": "ace/mode/scala"
      },
      "settings": {
        "params": {},
        "forms": {}
      },
      "jobName": "paragraph_1446667899478_-149826695",
      "id": "20151104-201139_243215565",
      "result": {
        "code": "SUCCESS",
        "type": "TEXT",
        "msg": "res0: org.apache.zeppelin.spark.dep.Dependency \u003d org.apache.zeppelin.spark.dep.Dependency@20d0b879\n"
      },
      "dateCreated": "Nov 4, 2015 8:11:39 PM",
      "dateStarted": "Nov 24, 2015 8:01:02 PM",
      "dateFinished": "Nov 24, 2015 8:01:42 PM",
      "status": "FINISHED",
      "progressUpdateIntervalMs": 500
    },
    {
      "text": "z.load(\"com.github.gbraccialli:HiveUtils:1.0-SNAPSHOT\")",
      "dateUpdated": "Nov 24, 2015 8:01:49 PM",
      "config": {
        "colWidth": 12.0,
        "graph": {
          "mode": "table",
          "height": 300.0,
          "optionOpen": false,
          "keys": [],
          "values": [],
          "groups": [],
          "scatter": {}
        },
        "editorMode": "ace/mode/scala"
      },
      "settings": {
        "params": {},
        "forms": {}
      },
      "jobName": "paragraph_1448395302917_-364478592",
      "id": "20151124-200142_421610571",
      "result": {
        "code": "SUCCESS",
        "type": "TEXT",
        "msg": "res0: Iterable[String] \u003d Wrappers(com.github.gbraccialli:HiveUtils:1.0-SNAPSHOT)\n"
      },
      "dateCreated": "Nov 24, 2015 8:01:42 PM",
      "dateStarted": "Nov 24, 2015 8:01:49 PM",
      "dateFinished": "Nov 24, 2015 8:03:47 PM",
      "status": "FINISHED",
      "progressUpdateIntervalMs": 500
    },
    {
      "text": "%dep\nz.load(\"/var/lib/ambari-server/resources/mysql-connector-java-5.1.17.jar\")",
      "dateUpdated": "Nov 5, 2015 4:41:07 PM",
      "config": {
        "colWidth": 12.0,
        "graph": {
          "mode": "table",
          "height": 300.0,
          "optionOpen": false,
          "keys": [],
          "values": [],
          "groups": [],
          "scatter": {}
        },
        "editorMode": "ace/mode/scala"
      },
      "settings": {
        "params": {},
        "forms": {}
      },
      "jobName": "paragraph_1446679169737_56101428",
      "id": "20151104-231929_611083877",
      "result": {
        "code": "SUCCESS",
        "type": "TEXT",
        "msg": "res1: org.apache.zeppelin.spark.dep.Dependency \u003d org.apache.zeppelin.spark.dep.Dependency@348bf208\n"
      },
      "dateCreated": "Nov 4, 2015 11:19:29 PM",
      "dateStarted": "Nov 5, 2015 4:41:07 PM",
      "dateFinished": "Nov 5, 2015 4:41:07 PM",
      "status": "FINISHED",
      "progressUpdateIntervalMs": 500
    },
    {
      "text": "System.getProperty(\"java.class.path\").split(\":\").sorted.foreach(println)",
      "dateUpdated": "Nov 24, 2015 4:43:36 PM",
      "config": {
        "colWidth": 12.0,
        "graph": {
          "mode": "table",
          "height": 300.0,
          "optionOpen": false,
          "keys": [],
          "values": [],
          "groups": [],
          "scatter": {}
        }
      },
      "settings": {
        "params": {},
        "forms": {}
      },
      "jobName": "paragraph_1446697042028_247365583",
      "id": "20151105-041722_589503841",
      "result": {
        "code": "SUCCESS",
        "type": "TEXT",
        "msg": "/etc/hadoop/conf/\n/root/dev/incubator-zeppelin/interpreter/spark/zeppelin-spark-0.6.0-incubating-SNAPSHOT.jar\n/root/dev/spark-1.5.1-bin-hadoop2.6/conf/\n/root/dev/spark-1.5.1-bin-hadoop2.6/lib/datanucleus-api-jdo-3.2.6.jar\n/root/dev/spark-1.5.1-bin-hadoop2.6/lib/datanucleus-core-3.2.10.jar\n/root/dev/spark-1.5.1-bin-hadoop2.6/lib/datanucleus-rdbms-3.2.9.jar\n/root/dev/spark-1.5.1-bin-hadoop2.6/lib/spark-assembly-1.5.1-hadoop2.6.0.jar\n"
      },
      "dateCreated": "Nov 5, 2015 4:17:22 AM",
      "dateStarted": "Nov 24, 2015 4:43:37 PM",
      "dateFinished": "Nov 24, 2015 4:46:28 PM",
      "status": "FINISHED",
      "progressUpdateIntervalMs": 500
    },
    {
      "text": "val df \u003d sqlContext.read\n    .format(\"com.databricks.spark.csv\")\n    .option(\"header\", \"true\") // Use first line of all files as header\n    .option(\"inferSchema\", \"true\") // Automatically infer data types\n    .load(\"/tmp/yahoo_stocks.csv\")",
      "dateUpdated": "Nov 24, 2015 4:52:21 PM",
      "config": {
        "colWidth": 12.0,
        "graph": {
          "mode": "table",
          "height": 300.0,
          "optionOpen": false,
          "keys": [],
          "values": [],
          "groups": [],
          "scatter": {}
        },
        "editorMode": "ace/mode/scala"
      },
      "settings": {
        "params": {},
        "forms": {}
      },
      "jobName": "paragraph_1446697141908_-525640929",
      "id": "20151105-041901_243205772",
      "result": {
        "code": "SUCCESS",
        "type": "TEXT",
        "msg": "df: org.apache.spark.sql.DataFrame \u003d [Date: string, Open: string, High: string, Low: string, Close: string, Volume: string, Adj Close: string]\n"
      },
      "dateCreated": "Nov 5, 2015 4:19:01 AM",
      "dateStarted": "Nov 24, 2015 4:52:22 PM",
      "dateFinished": "Nov 24, 2015 4:52:24 PM",
      "status": "FINISHED",
      "progressUpdateIntervalMs": 500
    },
    {
      "text": "df.count()",
      "dateUpdated": "Nov 24, 2015 4:52:46 PM",
      "config": {
        "colWidth": 12.0,
        "graph": {
          "mode": "table",
          "height": 300.0,
          "optionOpen": false,
          "keys": [],
          "values": [],
          "groups": [],
          "scatter": {}
        }
      },
      "settings": {
        "params": {},
        "forms": {}
      },
      "jobName": "paragraph_1446749986980_-1744542929",
      "id": "20151105-185946_7891229",
      "result": {
        "code": "SUCCESS",
        "type": "TEXT",
        "msg": "res3: Long \u003d 4793\n"
      },
      "dateCreated": "Nov 5, 2015 6:59:46 PM",
      "dateStarted": "Nov 24, 2015 4:52:46 PM",
      "dateFinished": "Nov 24, 2015 4:53:03 PM",
      "status": "FINISHED",
      "progressUpdateIntervalMs": 500
    },
    {
      "text": "df.show()",
      "dateUpdated": "Nov 24, 2015 4:58:11 PM",
      "config": {
        "colWidth": 12.0,
        "graph": {
          "mode": "table",
          "height": 300.0,
          "optionOpen": false,
          "keys": [],
          "values": [],
          "groups": [],
          "scatter": {}
        },
        "editorMode": "ace/mode/scala"
      },
      "settings": {
        "params": {},
        "forms": {}
      },
      "jobName": "paragraph_1448384282362_836269953",
      "id": "20151124-165802_188300028",
      "result": {
        "code": "SUCCESS",
        "type": "TEXT",
        "msg": "+----------+-----+-----+-----+-----+--------+---------+\n|      Date| Open| High|  Low|Close|  Volume|Adj Close|\n+----------+-----+-----+-----+-----+--------+---------+\n|2015-04-28|44.34|44.57|43.94|44.34| 7188300|    44.34|\n|2015-04-27|44.65|45.10|44.25|44.36|10840900|    44.36|\n|2015-04-24|43.73|44.71|43.69|44.52|11267500|    44.52|\n|2015-04-23|43.92|44.06|43.58|43.70|14274900|    43.70|\n|2015-04-22|44.58|44.85|43.67|43.98|32241200|    43.98|\n|2015-04-21|45.15|45.18|44.45|44.49|16103700|    44.49|\n|2015-04-20|44.73|44.91|44.41|44.66|10052900|    44.66|\n|2015-04-17|45.30|45.44|44.25|44.45|13305700|    44.45|\n|2015-04-16|45.82|46.13|45.53|45.78|13800300|    45.78|\n|2015-04-15|45.46|45.83|45.23|45.73|15033500|    45.73|\n|2015-04-14|44.82|45.64|44.79|45.53|12365800|    45.53|\n|2015-04-13|45.25|45.59|44.72|44.77| 8837300|    44.77|\n|2015-04-10|45.79|45.79|45.00|45.18| 8436400|    45.18|\n|2015-04-09|45.70|46.17|45.16|45.63|13678000|    45.63|\n|2015-04-08|43.86|45.19|43.80|45.17|16071000|    45.17|\n|2015-04-07|43.79|44.22|43.56|43.61|11382000|    43.61|\n|2015-04-06|43.82|44.03|43.61|43.67|10717000|    43.67|\n|2015-04-02|44.24|44.36|43.68|44.15|12229400|    44.15|\n|2015-04-01|44.45|44.60|43.95|44.13|14722300|    44.13|\n|2015-03-31|44.82|45.20|44.42|44.44|10415500|    44.44|\n+----------+-----+-----+-----+-----+--------+---------+\nonly showing top 20 rows\n\n"
      },
      "dateCreated": "Nov 24, 2015 4:58:02 PM",
      "dateStarted": "Nov 24, 2015 4:58:11 PM",
      "dateFinished": "Nov 24, 2015 4:58:11 PM",
      "status": "FINISHED",
      "progressUpdateIntervalMs": 500
    },
    {
      "text": "val driver \u003d \"com.mysql.jdbc.Driver\"\nval url \u003d \"jdbc:mysql://localhost:3306/hive?user\u003droot\"\n \nval jdbcDF \u003d sqlc.load(\"jdbc\", Map(\n  \"url\" -\u003e url,\n  \"driver\" -\u003e driver,\n  \"dbtable\" -\u003e \"TBLS\"))\n \n jdbcDF.registerTempTable(\"version\")",
      "dateUpdated": "Nov 24, 2015 5:02:04 PM",
      "config": {
        "colWidth": 12.0,
        "graph": {
          "mode": "table",
          "height": 300.0,
          "optionOpen": false,
          "keys": [],
          "values": [],
          "groups": [],
          "scatter": {}
        },
        "editorMode": "ace/mode/scala"
      },
      "settings": {
        "params": {},
        "forms": {}
      },
      "jobName": "paragraph_1446750151396_386659494",
      "id": "20151105-190231_582255611",
      "result": {
        "code": "SUCCESS",
        "type": "TEXT",
        "msg": "driver: String \u003d com.mysql.jdbc.Driver\nurl: String \u003d jdbc:mysql://localhost:3306/hive?user\u003droot\nwarning: there were 1 deprecation warning(s); re-run with -deprecation for details\njdbcDF: org.apache.spark.sql.DataFrame \u003d [TBL_ID: bigint, CREATE_TIME: int, DB_ID: bigint, LAST_ACCESS_TIME: int, OWNER: string, RETENTION: int, SD_ID: bigint, TBL_NAME: string, TBL_TYPE: string, VIEW_EXPANDED_TEXT: string, VIEW_ORIGINAL_TEXT: string, LINK_TARGET_ID: bigint]\n"
      },
      "dateCreated": "Nov 5, 2015 7:02:31 PM",
      "dateStarted": "Nov 24, 2015 5:02:04 PM",
      "dateFinished": "Nov 24, 2015 5:02:06 PM",
      "status": "FINISHED",
      "progressUpdateIntervalMs": 500
    },
    {
      "text": "%sql\nselect * from version",
      "dateUpdated": "Nov 24, 2015 5:02:10 PM",
      "config": {
        "colWidth": 12.0,
        "graph": {
          "mode": "table",
          "height": 300.0,
          "optionOpen": true,
          "keys": [
            {
              "name": "TBL_ID",
              "index": 0.0,
              "aggr": "sum"
            }
          ],
          "values": [
            {
              "name": "CREATE_TIME",
              "index": 1.0,
              "aggr": "sum"
            }
          ],
          "groups": [],
          "scatter": {
            "xAxis": {
              "name": "TBL_ID",
              "index": 0.0,
              "aggr": "sum"
            },
            "yAxis": {
              "name": "DB_ID",
              "index": 2.0,
              "aggr": "sum"
            }
          }
        },
        "editorMode": "ace/mode/sql"
      },
      "settings": {
        "params": {},
        "forms": {}
      },
      "jobName": "paragraph_1446751208903_1155501644",
      "id": "20151105-192008_2141586529",
      "result": {
        "code": "SUCCESS",
        "type": "TABLE",
        "msg": "TBL_ID\tCREATE_TIME\tDB_ID\tLAST_ACCESS_TIME\tOWNER\tRETENTION\tSD_ID\tTBL_NAME\tTBL_TYPE\tVIEW_EXPANDED_TEXT\tVIEW_ORIGINAL_TEXT\tLINK_TARGET_ID\n2\t1445957721\t1\t0\thue\t0\t2\tsample_08\tMANAGED_TABLE\tnull\tnull\tnull\n6\t1445958345\t6\t0\thive\t0\t6\tcall_detail_records\tMANAGED_TABLE\tnull\tnull\tnull\n7\t1445958349\t6\t0\thive\t0\t7\trecharge_details\tMANAGED_TABLE\tnull\tnull\tnull\n8\t1445958351\t6\t0\thive\t0\t8\tcustomer_details\tMANAGED_TABLE\tnull\tnull\tnull\n11\t1446236231\t1\t0\troot\t0\t11\ttweets_text_partition\tMANAGED_TABLE\tnull\tnull\tnull\n27\t1446833596\t1\t0\troot\t0\t27\ttwitterexampletextexample\tMANAGED_TABLE\tnull\tnull\tnull\n31\t1447451937\t1\t0\troot\t0\t31\ttesttable\tMANAGED_TABLE\tnull\tnull\tnull\n32\t1447452152\t1\t0\troot\t0\t32\torc_table\tMANAGED_TABLE\tnull\tnull\tnull\n41\t1448333067\t1\t0\thue\t0\t41\tnyse\tMANAGED_TABLE\tnull\tnull\tnull\n42\t1448334633\t1\t0\troot\t0\t42\tyahoo_orc_table\tMANAGED_TABLE\tnull\tnull\tnull\n47\t1448337020\t1\t0\tadmin\t0\t47\tnyse_orc\tMANAGED_TABLE\tnull\tnull\tnull\n"
      },
      "dateCreated": "Nov 5, 2015 7:20:08 PM",
      "dateStarted": "Nov 24, 2015 5:02:10 PM",
      "dateFinished": "Nov 24, 2015 5:02:12 PM",
      "status": "FINISHED",
      "progressUpdateIntervalMs": 500
    },
    {
      "text": "%md\nHIVE UDF function test\n",
      "dateUpdated": "Nov 24, 2015 8:03:46 PM",
      "config": {
        "colWidth": 12.0,
        "graph": {
          "mode": "table",
          "height": 300.0,
          "optionOpen": false,
          "keys": [],
          "values": [],
          "groups": [],
          "scatter": {}
        },
        "editorMode": "ace/mode/markdown"
      },
      "settings": {
        "params": {},
        "forms": {}
      },
      "jobName": "paragraph_1446751520286_361575839",
      "id": "20151105-192520_790162063",
      "result": {
        "code": "SUCCESS",
        "type": "HTML",
        "msg": "\u003cp\u003eHIVE UDF function test\u003c/p\u003e\n"
      },
      "dateCreated": "Nov 5, 2015 7:25:20 PM",
      "dateStarted": "Nov 24, 2015 8:03:46 PM",
      "dateFinished": "Nov 24, 2015 8:03:46 PM",
      "status": "FINISHED",
      "progressUpdateIntervalMs": 500
    },
    {
      "text": "val hiveContext \u003d new org.apache.spark.sql.hive.HiveContext(sc);\rhiveContext.sql(\"\"\"create temporary function geohash_encode as \u0027com.github.gbraccialli.hive.udf.UDFGeohashEncode\u0027\"\"\");\r",
      "dateUpdated": "Nov 24, 2015 8:05:38 PM",
      "config": {
        "colWidth": 12.0,
        "graph": {
          "mode": "table",
          "height": 300.0,
          "optionOpen": false,
          "keys": [],
          "values": [],
          "groups": [],
          "scatter": {}
        },
        "editorMode": "ace/mode/scala"
      },
      "settings": {
        "params": {},
        "forms": {}
      },
      "jobName": "paragraph_1448395382982_604642590",
      "id": "20151124-200302_119501154",
      "result": {
        "code": "ERROR",
        "type": "TEXT",
        "msg": "\u003cconsole\u003e:23: error: type mismatch;\n found   : org.apache.spark.org.apache.spark.org.apache.spark.org.apache.spark.org.apache.spark.SparkContext\n required: org.apache.spark.org.apache.spark.org.apache.spark.org.apache.spark.org.apache.spark.SparkContext\n       val hiveContext \u003d new org.apache.spark.sql.hive.HiveContext(sc);;\n                                                                   ^\n"
      },
      "dateCreated": "Nov 24, 2015 8:03:02 PM",
      "dateStarted": "Nov 24, 2015 8:05:39 PM",
      "dateFinished": "Nov 24, 2015 8:05:39 PM",
      "status": "ERROR",
      "progressUpdateIntervalMs": 500
    },
    {
      "config": {},
      "settings": {
        "params": {},
        "forms": {}
      },
      "jobName": "paragraph_1448395473106_-1773784810",
      "id": "20151124-200433_1652301627",
      "dateCreated": "Nov 24, 2015 8:04:33 PM",
      "status": "READY",
      "progressUpdateIntervalMs": 500
    }
  ],
  "name": "ZELTOV - JDBC and 3rdParty Packages",
  "id": "2B2P8RE82",
  "angularObjects": {
    "2B3Q5RH75": [],
    "2B4KR7G6M": [],
    "2B3HNUWRE": [],
    "2B4S88X2P": [],
    "2B42JEQTW": [],
    "2B5QU2Q5Z": [],
    "2B6KHHKCV": [],
    "2B4W24RMK": [],
    "2B3374TMK": [],
    "2B4ZUMK38": [],
    "2B42N38FM": [],
    "2B4RXUWHA": [],
    "2B2R6FW9Q": []
  },
  "config": {
    "looknfeel": "default"
  },
  "info": {}
}